run_index,N,frequency,frames,path_life_requested,seed,roles,generation_wall_seconds,process_peak_rss_kib,process_peak_rss_bytes,trace_bytes,trace_sha256,timeline_up_ratio,realized_uptime,realized_up_count,transitions,path_up_pool_groups,path_up_pool_frames,path_down_pool_frames,mean_up_run_frames,mean_hops_when_up,shorter_than_skeleton_path_frames,source,destination,baseline_hops
28,162,4,120,0.5,42,scale_timing,0.16699672400136478,117216,120029184,648266,5c32392fe8279891931b1d9c490fbbc9c797f291967ce6724cf915d1c2940330,0.5,0.5,60,24,458,462,38,4.615384615384615,13.05,0,Node_0,Node_51,12
29,162,4,120,0.5,43,scale_timing,0.18390031799208373,117124,119934976,660167,3e0e692c0009bbbcd4090bc9599314caa731602799ac334180b6e5427095783d,0.5,0.5,60,24,448,451,49,4.615384615384615,13.166666666666666,0,Node_0,Node_51,12
30,162,4,120,0.5,44,scale_timing,0.16811097899335437,117180,119992320,640798,a597600a2d7c279228169f32d71536b8b9d73989c72bb77f30e192a2c50000da,0.5,0.5,60,24,471,472,28,4.615384615384615,13.366666666666667,0,Node_0,Node_51,12
25,162,4,60,0.5,42,scale_timing,0.17357919097412378,117140,119951360,328567,63cc9e733a7080a3a87b9e20bf8a0b86fd5465aca8f5eed000aab89f86382d69,0.5,0.5,30,12,458,462,38,4.285714285714286,12.6,0,Node_0,Node_51,12
26,162,4,60,0.5,43,scale_timing,0.16585577998193912,117048,119857152,328892,1db456e6105f0ad7890d8defacc6d3d573f2746083a3421b1212b4c6253e9ab4,0.5,0.5,30,12,448,451,49,4.285714285714286,12.833333333333334,0,Node_0,Node_51,12
27,162,4,60,0.5,44,scale_timing,0.1739671039977111,117304,120119296,321752,cf373ac96070e0a30ff84c23cff98219136a7f6ad1eaae3954b0c494b5b94301,0.5,0.5,30,12,471,472,28,4.285714285714286,13.1,0,Node_0,Node_51,12
4,42,2,120,0.5,42,scale_timing,0.0541213050018996,93880,96133120,153920,393e585835763d8f1c9bfe52c6bc51f4a8801c7c899fe986887b33781156d9aa,0.5,0.5,60,24,257,462,38,4.615384615384615,6.6,0,Node_0,Node_16,6
5,42,2,120,0.5,43,scale_timing,0.03699718799907714,93900,96153600,149043,f9e599645fe0ae54a0bf90044d2c2b92ecfa2ee5143bd656ba18093bdbaf7325,0.5,0.5,60,24,251,454,46,4.615384615384615,7.133333333333334,0,Node_0,Node_16,6
6,42,2,120,0.5,44,scale_timing,0.038605927024036646,93972,96227328,150607,2629d0a7d4e771960e463894e4ccb00563fc943c3b3790882ed4f55216abf08b,0.5,0.5,60,24,263,463,37,4.615384615384615,7.183333333333334,0,Node_0,Node_16,6
1,42,2,60,0.5,42,scale_timing,0.050852401996962726,94200,96460800,75654,841e4a0f456450f724b56c039ff4e55af15b5c3d5b852bccf0abba0f44cbf736,0.5,0.5,30,12,257,462,38,4.285714285714286,6.833333333333333,0,Node_0,Node_16,6
2,42,2,60,0.5,43,scale_timing,0.036731733998749405,94020,96276480,76798,5a14aab8b37507c48ef9ecaedffde825eb9a56cf96ab32eaad6247e9451d2645,0.5,0.5,30,12,251,454,46,4.285714285714286,6.466666666666667,0,Node_0,Node_16,6
3,42,2,60,0.5,44,scale_timing,0.03887142598978244,94032,96288768,75070,811d052c3d94711f6ce8a2841cbb59251eee1f470d1e5cb91300671be02ae86a,0.5,0.5,30,12,263,463,37,4.285714285714286,6.3,0,Node_0,Node_16,6
10,92,3,120,0.3,42,life_fidelity,0.09427778099779971,104844,107360256,344329,706a6414c72ab5b5cbb2a58ea85a285dae4f2be3424c2a75d0fa0007b47c9b24,0.3,0.3,36,14,427,463,37,4.5,10.416666666666666,0,Node_0,Node_31,9
11,92,3,120,0.3,43,life_fidelity,0.09299915499286726,104768,107282432,344458,358025c6cfefb4f9027c6f2fbaa20b7a812834a7bf4350007ddd53a06e32342a,0.3,0.3,36,14,429,454,46,4.5,9.944444444444445,0,Node_0,Node_31,9
12,92,3,120,0.3,44,life_fidelity,0.08947881098720245,104920,107438080,349769,f653b0487ba19f1bc4a8beba54b3aaa3a6343e0aab80ba3ffc50370c3fd5ef73,0.3,0.3,36,14,426,469,31,4.5,9.86111111111111,0,Node_0,Node_31,9
13,92,3,120,0.3,45,life_fidelity,0.10132787999464199,105048,107569152,347281,e8feb6423910c4ac7ce80ea7f7b49afa5f59806f03270fdd1c53c9aaad557458,0.3,0.3,36,14,431,461,39,4.5,9.88888888888889,0,Node_0,Node_31,9
14,92,3,120,0.3,46,life_fidelity,0.09888937600771897,104880,107397120,346612,a95e9d4b5f237e2df5f5732dcdd53439827d595e113597012a284f98a2f37d5d,0.3,0.3,36,14,423,453,47,4.5,10.333333333333334,0,Node_0,Node_31,9
15,92,3,120,0.5,42,scale_timing;life_fidelity;seed_diversity,0.1390186209755484,104908,107425792,342461,b60deaca102dcf3017c5cb2637bfd4a7df97f8d0768be04ffc5390e40fa13059,0.5,0.5,60,24,427,463,37,4.615384615384615,9.716666666666667,0,Node_0,Node_31,9
16,92,3,120,0.5,43,scale_timing;life_fidelity;seed_diversity,0.09109737098333426,105012,107532288,351106,6c86404e92d5ccf529e8f5802e6359d29746b937f9bc4150be6bd47d663e2e40,0.5,0.5,60,24,429,454,46,4.615384615384615,10.2,0,Node_0,Node_31,9
17,92,3,120,0.5,44,scale_timing;life_fidelity;seed_diversity,0.09522947302320972,104800,107315200,349361,630611bce5ed7e96fedd30208cf9a631898f2fcbf9e9ccf200697fdda375d731,0.5,0.5,60,24,426,469,31,4.615384615384615,9.916666666666666,0,Node_0,Node_31,9
18,92,3,120,0.5,45,life_fidelity;seed_diversity,0.09316885500447825,105024,107544576,344854,60bc487d8081e7299785c47a413168ea29f9cfa41ca16543f10587a7df595d4b,0.5,0.5,60,24,431,461,39,4.615384615384615,10.283333333333333,0,Node_0,Node_31,9
19,92,3,120,0.5,46,life_fidelity;seed_diversity,0.11902047900366597,104860,107376640,350065,bcf29abd9e1089c47922e6cc9e1d5ced86e80c1f6edbf52da456872a8972e7c0,0.5,0.5,60,24,423,453,47,4.615384615384615,9.783333333333333,0,Node_0,Node_31,9
20,92,3,120,0.7,42,life_fidelity,0.09220241298316978,105080,107601920,354268,68715d64cee44f3f20e5003e566e928463f1d68fd1a38d963dac0d4ed218fe4a,0.7,0.7,84,34,427,463,37,4.666666666666667,9.738095238095237,0,Node_0,Node_31,9
21,92,3,120,0.7,43,life_fidelity,0.0941969120176509,104704,107216896,354007,3d88c52cd068cec52af9b69df22b9f813dd240025b3cee3baba61c4df74731ae,0.7,0.7,84,34,429,454,46,4.666666666666667,9.880952380952381,0,Node_0,Node_31,9
22,92,3,120,0.7,44,life_fidelity,0.09461601899238303,104780,107294720,348798,b4d365e03b1b9c74c5d41dcf80ee40d09b4264a7de549254a94d182f353c4043,0.7,0.7,84,34,426,469,31,4.666666666666667,10.071428571428571,0,Node_0,Node_31,9
23,92,3,120,0.7,45,life_fidelity,0.0932836519787088,104924,107442176,352053,6d80a1f3ec198fa49cdd5e61de2fe61c8723344d15ad5beee11804d5a38b4a94,0.7,0.7,84,34,431,461,39,4.666666666666667,9.80952380952381,0,Node_0,Node_31,9
24,92,3,120,0.7,46,life_fidelity,0.09006241802126169,104892,107409408,353384,5ca3407e048a896367223407f780f329464066d9d320783810fd4991f7713c32,0.7,0.7,84,34,423,453,47,4.666666666666667,9.80952380952381,0,Node_0,Node_31,9
7,92,3,60,0.5,42,scale_timing,0.09173053898848593,104956,107474944,175067,86e577df88f9bab00c61ed72a1bd9e2135aa284ea96a852e72d04d3d885a5f75,0.5,0.5,30,12,427,463,37,4.285714285714286,9.8,0,Node_0,Node_31,9
8,92,3,60,0.5,43,scale_timing,0.09044330098549835,105016,107536384,172079,373ba7fb09b928af5e8942193fc7ae2591fead49a1917517669ebe3d8e7caf0f,0.5,0.5,30,12,429,454,46,4.285714285714286,10.133333333333333,0,Node_0,Node_31,9
9,92,3,60,0.5,44,scale_timing,0.09356031799688935,105012,107532288,179051,86c9bfe6c9e6a7dacf20fbe69e84777ec0d3edd09bef14ff7824f569caeb61db,0.5,0.5,30,12,426,469,31,4.285714285714286,9.533333333333333,0,Node_0,Node_31,9
