param_name,param_value,source,destination,frames,up_frames,uptime_ratio,up_runs,mean_up_run_frames,max_up_run_frames,down_runs,path_identity_retention,route_changes,distinct_routes
stability,0.4,S,R,60,30,0.5,18,1.6666666666666667,2,17,0.9166666666666666,1,2
stability,0.2,S,R,60,30,0.5,24,1.25,2,23,1.0,0,2
stability,0.6,S,R,60,30,0.5,13,2.3076923076923075,3,12,1.0,0,2
stability,0.8,S,R,60,30,0.5,7,4.285714285714286,5,6,0.9130434782608695,2,2
stability,0.0,S,R,60,30,0.5,30,1.0,1,29,,0,2
stability,0.4,S,R,60,30,0.5,18,1.6666666666666667,2,17,1.0,0,2
stability,0.2,S,R,60,30,0.5,24,1.25,2,23,1.0,0,2
stability,0.6,S,R,60,30,0.5,13,2.3076923076923075,3,12,0.9411764705882353,1,2
stability,0.8,S,R,60,30,0.5,7,4.285714285714286,5,6,0.9130434782608695,2,2
stability,0.0,S,R,60,30,0.5,30,1.0,1,29,,0,2
stability,0.4,S,R,60,30,0.5,18,1.6666666666666667,2,17,0.9166666666666666,1,2
stability,0.2,S,R,60,30,0.5,24,1.25,2,23,1.0,0,2
stability,0.6,S,R,60,30,0.5,13,2.3076923076923075,3,12,0.8823529411764706,2,2
stability,0.8,S,R,60,30,0.5,7,4.285714285714286,5,6,0.8695652173913043,3,2
stability,0.0,S,R,60,30,0.5,30,1.0,1,29,,0,2
stability,0.4,S,R,60,30,0.5,18,1.6666666666666667,2,17,0.9166666666666666,1,2
stability,0.2,S,R,60,30,0.5,24,1.25,2,23,0.8333333333333334,1,2
stability,0.6,S,R,60,30,0.5,13,2.3076923076923075,3,12,0.8823529411764706,2,2
stability,0.8,S,R,60,30,0.5,7,4.285714285714286,5,6,0.8695652173913043,3,2
stability,0.0,S,R,60,30,0.5,30,1.0,1,29,,0,2
stability,0.4,S,R,60,30,0.5,18,1.6666666666666667,2,17,1.0,0,2
stability,0.2,S,R,60,30,0.5,24,1.25,2,23,1.0,0,2
stability,0.6,S,R,60,30,0.5,13,2.3076923076923075,3,12,0.9411764705882353,1,2
stability,0.8,S,R,60,30,0.5,7,4.285714285714286,5,6,1.0,0,2
stability,0.0,S,R,60,30,0.5,30,1.0,1,29,,0,2
