event,sequence,app_tx_time_s,event_time_s,delay_s,frame_connected,usable_connected
tx,0,45.100000000,45.100000000,0.000000000,1,1
tx,1,45.263840000,45.263840000,0.000000000,1,1
tx,2,45.427680000,45.427680000,0.000000000,1,1
tx,3,45.591520000,45.591520000,0.000000000,1,1
tx,4,45.755360000,45.755360000,0.000000000,1,1
tx,5,45.919200000,45.919200000,0.000000000,1,1
tx,6,46.083040000,46.083040000,0.000000000,0,0
tx,7,46.246880000,46.246880000,0.000000000,0,0
rx,0,45.100000000,46.376738352,1.276738352,0,0
rx,1,45.263840000,46.377606744,1.113766744,0,0
tx,8,46.410720000,46.410720000,0.000000000,0,0
tx,9,46.574560000,46.574560000,0.000000000,0,0
tx,10,46.738400000,46.738400000,0.000000000,0,0
tx,11,46.902240000,46.902240000,0.000000000,0,0
tx,12,47.066080000,47.066080000,0.000000000,0,1
tx,13,47.229920000,47.229920000,0.000000000,0,1
rx,13,47.229920000,47.248318784,0.018398784,0,1
tx,14,47.393760000,47.393760000,0.000000000,0,1
rx,14,47.393760000,47.395092784,0.001332784,0,1
tx,15,47.557600000,47.557600000,0.000000000,0,1
rx,15,47.557600000,47.558692784,0.001092784,0,1
tx,16,47.721440000,47.721440000,0.000000000,0,1
rx,16,47.721440000,47.722532784,0.001092784,0,1
tx,17,47.885280000,47.885280000,0.000000000,0,1
rx,17,47.885280000,47.886372784,0.001092784,0,1
tx,18,48.049120000,48.049120000,0.000000000,1,1
rx,18,48.049120000,48.050212784,0.001092784,1,1
tx,19,48.212960000,48.212960000,0.000000000,1,1
rx,19,48.212960000,48.214052784,0.001092784,1,1
tx,20,48.376800000,48.376800000,0.000000000,1,1
rx,20,48.376800000,48.377892784,0.001092784,1,1
tx,21,48.540640000,48.540640000,0.000000000,1,1
rx,21,48.540640000,48.541732784,0.001092784,1,1
tx,22,48.704480000,48.704480000,0.000000000,1,1
rx,22,48.704480000,48.705572784,0.001092784,1,1
tx,23,48.868320000,48.868320000,0.000000000,1,1
tx,24,49.032160000,49.032160000,0.000000000,0,0
tx,25,49.196000000,49.196000000,0.000000000,0,1
tx,26,49.359840000,49.359840000,0.000000000,0,1
tx,27,49.523680000,49.523680000,0.000000000,0,1
tx,28,49.687520000,49.687520000,0.000000000,0,1
rx,24,49.032160000,49.692347568,0.660187568,0,1
rx,25,49.196000000,49.693750352,0.497750352,0,1
rx,26,49.359840000,49.695043136,0.335203136,0,1
rx,27,49.523680000,49.696321528,0.172641528,0,1
rx,28,49.687520000,49.697919920,0.010399920,0,1
tx,29,49.851360000,49.851360000,0.000000000,0,1
rx,29,49.851360000,49.852452784,0.001092784,0,1
tx,30,50.015200000,50.015200000,0.000000000,1,1
rx,30,50.015200000,50.016292784,0.001092784,1,1
tx,31,50.179040000,50.179040000,0.000000000,1,1
rx,31,50.179040000,50.180132784,0.001092784,1,1
tx,32,50.342880000,50.342880000,0.000000000,1,1
rx,32,50.342880000,50.343972784,0.001092784,1,1
tx,33,50.506720000,50.506720000,0.000000000,1,1
rx,33,50.506720000,50.507812784,0.001092784,1,1
tx,34,50.670560000,50.670560000,0.000000000,1,1
rx,34,50.670560000,50.671652784,0.001092784,1,1
tx,35,50.834400000,50.834400000,0.000000000,1,1
tx,36,50.998240000,50.998240000,0.000000000,1,0
tx,37,51.162080000,51.162080000,0.000000000,0,1
tx,38,51.325920000,51.325920000,0.000000000,0,1
tx,39,51.489760000,51.489760000,0.000000000,0,1
tx,40,51.653600000,51.653600000,0.000000000,0,1
rx,36,50.998240000,51.659644744,0.661404744,0,1
rx,37,51.162080000,51.660883136,0.498803136,0,1
rx,38,51.325920000,51.661771528,0.335851528,0,1
rx,39,51.489760000,51.662949920,0.173189920,0,1
rx,40,51.653600000,51.664168312,0.010568312,0,1
tx,41,51.817440000,51.817440000,0.000000000,0,1
rx,41,51.817440000,51.818532784,0.001092784,0,1
tx,42,51.981280000,51.981280000,0.000000000,0,1
rx,42,51.981280000,51.982372784,0.001092784,0,1
tx,43,52.145120000,52.145120000,0.000000000,1,1
rx,43,52.145120000,52.146212784,0.001092784,1,1
tx,44,52.308960000,52.308960000,0.000000000,1,1
rx,44,52.308960000,52.310052784,0.001092784,1,1
tx,45,52.472800000,52.472800000,0.000000000,1,1
rx,45,52.472800000,52.473892784,0.001092784,1,1
tx,46,52.636640000,52.636640000,0.000000000,1,1
rx,46,52.636640000,52.637732784,0.001092784,1,1
tx,47,52.800480000,52.800480000,0.000000000,1,1
tx,48,52.964320000,52.964320000,0.000000000,1,1
tx,49,53.128160000,53.128160000,0.000000000,0,1
tx,50,53.292000000,53.292000000,0.000000000,0,1
tx,51,53.455840000,53.455840000,0.000000000,0,1
tx,52,53.619680000,53.619680000,0.000000000,0,1
rx,48,52.964320000,53.624307568,0.659987568,0,1
rx,49,53.128160000,53.625500352,0.497340352,0,1
rx,50,53.292000000,53.627617528,0.335617528,0,1
rx,51,53.455840000,53.628565920,0.172725920,0,1
rx,52,53.619680000,53.629624312,0.009944312,0,1
tx,53,53.783520000,53.783520000,0.000000000,0,1
rx,53,53.783520000,53.784612784,0.001092784,0,1
tx,54,53.947360000,53.947360000,0.000000000,0,1
rx,54,53.947360000,53.948452784,0.001092784,0,1
tx,55,54.111200000,54.111200000,0.000000000,1,1
rx,55,54.111200000,54.112292784,0.001092784,1,1
tx,56,54.275040000,54.275040000,0.000000000,1,1
rx,56,54.275040000,54.276132784,0.001092784,1,1
tx,57,54.438880000,54.438880000,0.000000000,1,1
rx,57,54.438880000,54.439972784,0.001092784,1,1
tx,58,54.602720000,54.602720000,0.000000000,1,1
rx,58,54.602720000,54.603812784,0.001092784,1,1
tx,59,54.766560000,54.766560000,0.000000000,1,1
tx,60,54.930400000,54.930400000,0.000000000,1,1
tx,61,55.094240000,55.094240000,0.000000000,0,1
tx,62,55.258080000,55.258080000,0.000000000,0,1
tx,63,55.421920000,55.421920000,0.000000000,0,1
tx,64,55.585760000,55.585760000,0.000000000,0,1
rx,60,54.930400000,55.605748352,0.675348352,0,1
rx,61,55.094240000,55.607107920,0.512867920,0,1
rx,62,55.258080000,55.608266312,0.350186312,0,1
rx,63,55.421920000,55.609564704,0.187644704,0,1
rx,64,55.585760000,55.610643096,0.024883096,0,1
tx,65,55.749600000,55.749600000,0.000000000,0,1
rx,65,55.749600000,55.750692784,0.001092784,0,1
tx,66,55.913440000,55.913440000,0.000000000,0,1
rx,66,55.913440000,55.914532784,0.001092784,0,1
tx,67,56.077280000,56.077280000,0.000000000,1,1
rx,67,56.077280000,56.078372784,0.001092784,1,1
tx,68,56.241120000,56.241120000,0.000000000,1,1
rx,68,56.241120000,56.242212784,0.001092784,1,1
tx,69,56.404960000,56.404960000,0.000000000,1,1
rx,69,56.404960000,56.406052784,0.001092784,1,1
tx,70,56.568800000,56.568800000,0.000000000,1,1
rx,70,56.568800000,56.569892784,0.001092784,1,1
tx,71,56.732640000,56.732640000,0.000000000,1,1
rx,71,56.732640000,56.733732784,0.001092784,1,1
tx,72,56.896480000,56.896480000,0.000000000,1,1
tx,73,57.060320000,57.060320000,0.000000000,0,1
tx,74,57.224160000,57.224160000,0.000000000,0,1
tx,75,57.388000000,57.388000000,0.000000000,0,1
tx,76,57.551840000,57.551840000,0.000000000,0,1
tx,77,57.715680000,57.715680000,0.000000000,0,1
rx,73,57.060320000,57.717374352,0.657054352,0,1
rx,74,57.224160000,57.718424744,0.494264744,0,1
rx,75,57.388000000,57.720023136,0.332023136,0,1
rx,76,57.551840000,57.721201528,0.169361528,0,1
rx,77,57.715680000,57.722619920,0.006939920,0,1
tx,78,57.879520000,57.879520000,0.000000000,0,1
rx,78,57.879520000,57.880612784,0.001092784,0,1
tx,79,58.043360000,58.043360000,0.000000000,1,1
rx,79,58.043360000,58.044452784,0.001092784,1,1
tx,80,58.207200000,58.207200000,0.000000000,1,1
rx,80,58.207200000,58.208292784,0.001092784,1,1
tx,81,58.371040000,58.371040000,0.000000000,1,1
rx,81,58.371040000,58.372132784,0.001092784,1,1
tx,82,58.534880000,58.534880000,0.000000000,1,1
rx,82,58.534880000,58.535972784,0.001092784,1,1
tx,83,58.698720000,58.698720000,0.000000000,1,1
rx,83,58.698720000,58.699812784,0.001092784,1,1
tx,84,58.862560000,58.862560000,0.000000000,1,1
tx,85,59.026400000,59.026400000,0.000000000,0,0
tx,86,59.190240000,59.190240000,0.000000000,0,1
tx,87,59.354080000,59.354080000,0.000000000,0,1
tx,88,59.517920000,59.517920000,0.000000000,0,1
tx,89,59.681760000,59.681760000,0.000000000,0,1
rx,85,59.026400000,59.693607568,0.667207568,0,1
rx,86,59.190240000,59.695531960,0.505291960,0,1
rx,87,59.354080000,59.696500352,0.342420352,0,1
rx,88,59.517920000,59.697618744,0.179698744,0,1
rx,89,59.681760000,59.698817136,0.017057136,0,1
tx,90,59.845600000,59.845600000,0.000000000,0,1
rx,90,59.845600000,59.846692784,0.001092784,0,1
tx,91,60.009440000,60.009440000,0.000000000,1,1
rx,91,60.009440000,60.010532784,0.001092784,1,1
tx,92,60.173280000,60.173280000,0.000000000,1,1
rx,92,60.173280000,60.174372784,0.001092784,1,1
tx,93,60.337120000,60.337120000,0.000000000,1,1
rx,93,60.337120000,60.338212784,0.001092784,1,1
tx,94,60.500960000,60.500960000,0.000000000,1,1
rx,94,60.500960000,60.502052784,0.001092784,1,1
tx,95,60.664800000,60.664800000,0.000000000,1,1
rx,95,60.664800000,60.665892784,0.001092784,1,1
tx,96,60.828640000,60.828640000,0.000000000,1,1
tx,97,60.992480000,60.992480000,0.000000000,1,0
tx,98,61.156320000,61.156320000,0.000000000,0,1
tx,99,61.320160000,61.320160000,0.000000000,0,1
tx,100,61.484000000,61.484000000,0.000000000,0,1
tx,101,61.647840000,61.647840000,0.000000000,0,1
rx,97,60.992480000,61.648667568,0.656187568,0,1
rx,98,61.156320000,61.650005960,0.493685960,0,1
rx,99,61.320160000,61.651398744,0.331238744,0,1
rx,100,61.484000000,61.653271528,0.169271528,0,1
rx,101,61.647840000,61.654309920,0.006469920,0,1
tx,102,61.811680000,61.811680000,0.000000000,0,1
rx,102,61.811680000,61.812772784,0.001092784,0,1
tx,103,61.975520000,61.975520000,0.000000000,0,1
rx,103,61.975520000,61.976612784,0.001092784,0,1
tx,104,62.139360000,62.139360000,0.000000000,1,1
rx,104,62.139360000,62.140452784,0.001092784,1,1
tx,105,62.303200000,62.303200000,0.000000000,1,1
rx,105,62.303200000,62.304292784,0.001092784,1,1
tx,106,62.467040000,62.467040000,0.000000000,1,1
rx,106,62.467040000,62.468132784,0.001092784,1,1
tx,107,62.630880000,62.630880000,0.000000000,1,1
rx,107,62.630880000,62.631972784,0.001092784,1,1
tx,108,62.794720000,62.794720000,0.000000000,1,1
tx,109,62.958560000,62.958560000,0.000000000,1,1
tx,110,63.122400000,63.122400000,0.000000000,0,1
tx,111,63.286240000,63.286240000,0.000000000,0,1
tx,112,63.450080000,63.450080000,0.000000000,0,1
tx,113,63.613920000,63.613920000,0.000000000,0,1
rx,109,62.958560000,63.623127568,0.664567568,0,1
rx,110,63.122400000,63.624420352,0.502020352,0,1
rx,111,63.286240000,63.625484744,0.339244744,0,1
rx,112,63.450080000,63.626657528,0.176577528,0,1
rx,113,63.613920000,63.627935920,0.014015920,0,1
tx,114,63.777760000,63.777760000,0.000000000,0,1
rx,114,63.777760000,63.778852784,0.001092784,0,1
tx,115,63.941600000,63.941600000,0.000000000,0,1
rx,115,63.941600000,63.942692784,0.001092784,0,1
tx,116,64.105440000,64.105440000,0.000000000,1,1
rx,116,64.105440000,64.106532784,0.001092784,1,1
tx,117,64.269280000,64.269280000,0.000000000,1,1
rx,117,64.269280000,64.270372784,0.001092784,1,1
tx,118,64.433120000,64.433120000,0.000000000,1,1
rx,118,64.433120000,64.434212784,0.001092784,1,1
tx,119,64.596960000,64.596960000,0.000000000,1,1
rx,119,64.596960000,64.598052784,0.001092784,1,1
tx,120,64.760800000,64.760800000,0.000000000,1,1
tx,121,64.924640000,64.924640000,0.000000000,1,1
tx,122,65.088480000,65.088480000,0.000000000,0,1
tx,123,65.252320000,65.252320000,0.000000000,0,1
tx,124,65.416160000,65.416160000,0.000000000,0,1
tx,125,65.580000000,65.580000000,0.000000000,0,1
rx,121,64.924640000,65.599367528,0.674727528,0,1
rx,122,65.088480000,65.600561528,0.512081528,0,1
rx,123,65.252320000,65.601959920,0.349639920,0,1
rx,124,65.416160000,65.603132704,0.186972704,0,1
rx,125,65.580000000,65.604267096,0.024267096,0,1
tx,126,65.743840000,65.743840000,0.000000000,0,1
rx,126,65.743840000,65.744932784,0.001092784,0,1
tx,127,65.907680000,65.907680000,0.000000000,0,1
rx,127,65.907680000,65.908772784,0.001092784,0,1
tx,128,66.071520000,66.071520000,0.000000000,1,1
rx,128,66.071520000,66.072612784,0.001092784,1,1
tx,129,66.235360000,66.235360000,0.000000000,1,1
rx,129,66.235360000,66.236452784,0.001092784,1,1
tx,130,66.399200000,66.399200000,0.000000000,1,1
rx,130,66.399200000,66.400292784,0.001092784,1,1
tx,131,66.563040000,66.563040000,0.000000000,1,1
rx,131,66.563040000,66.564132784,0.001092784,1,1
tx,132,66.726880000,66.726880000,0.000000000,1,1
rx,132,66.726880000,66.727972784,0.001092784,1,1
tx,133,66.890720000,66.890720000,0.000000000,1,1
tx,134,67.054560000,67.054560000,0.000000000,0,1
tx,135,67.218400000,67.218400000,0.000000000,0,1
tx,136,67.382240000,67.382240000,0.000000000,0,1
tx,137,67.546080000,67.546080000,0.000000000,0,1
tx,138,67.709920000,67.709920000,0.000000000,0,1
rx,134,67.054560000,67.718547568,0.663987568,0,1
rx,135,67.218400000,67.720045960,0.501645960,0,1
rx,136,67.382240000,67.721278744,0.339038744,0,1
rx,137,67.546080000,67.722197136,0.176117136,0,1
rx,138,67.709920000,67.723225528,0.013305528,0,1
tx,139,67.873760000,67.873760000,0.000000000,0,1
rx,139,67.873760000,67.874852784,0.001092784,0,1
tx,140,68.037600000,68.037600000,0.000000000,1,1
rx,140,68.037600000,68.038692784,0.001092784,1,1
tx,141,68.201440000,68.201440000,0.000000000,1,1
rx,141,68.201440000,68.202532784,0.001092784,1,1
tx,142,68.365280000,68.365280000,0.000000000,1,1
rx,142,68.365280000,68.366372784,0.001092784,1,1
tx,143,68.529120000,68.529120000,0.000000000,1,1
rx,143,68.529120000,68.530212784,0.001092784,1,1
tx,144,68.692960000,68.692960000,0.000000000,1,1
rx,144,68.692960000,68.694052784,0.001092784,1,1
tx,145,68.856800000,68.856800000,0.000000000,1,1
tx,146,69.020640000,69.020640000,0.000000000,0,0
tx,147,69.184480000,69.184480000,0.000000000,0,1
tx,148,69.348320000,69.348320000,0.000000000,0,1
tx,149,69.512160000,69.512160000,0.000000000,0,1
tx,150,69.676000000,69.676000000,0.000000000,0,1
rx,146,69.020640000,69.686477960,0.665837960,0,1
rx,147,69.184480000,69.688979528,0.504499528,0,1
rx,148,69.348320000,69.690577920,0.342257920,0,1
rx,149,69.512160000,69.692116312,0.179956312,0,1
rx,150,69.676000000,69.693534704,0.017534704,0,1
tx,151,69.839840000,69.839840000,0.000000000,0,1
rx,151,69.839840000,69.840932784,0.001092784,0,1
tx,152,70.003680000,70.003680000,0.000000000,1,1
rx,152,70.003680000,70.004772784,0.001092784,1,1
tx,153,70.167520000,70.167520000,0.000000000,1,1
rx,153,70.167520000,70.168612784,0.001092784,1,1
tx,154,70.331360000,70.331360000,0.000000000,1,1
rx,154,70.331360000,70.332452784,0.001092784,1,1
tx,155,70.495200000,70.495200000,0.000000000,1,1
rx,155,70.495200000,70.496292784,0.001092784,1,1
tx,156,70.659040000,70.659040000,0.000000000,1,1
rx,156,70.659040000,70.660132784,0.001092784,1,1
tx,157,70.822880000,70.822880000,0.000000000,1,1
tx,158,70.986720000,70.986720000,0.000000000,1,0
tx,159,71.150560000,71.150560000,0.000000000,0,1
tx,160,71.314400000,71.314400000,0.000000000,0,1
tx,161,71.478240000,71.478240000,0.000000000,0,1
tx,162,71.642080000,71.642080000,0.000000000,0,1
rx,158,70.986720000,71.653429960,0.666709960,0,1
rx,159,71.150560000,71.654548352,0.503988352,0,1
rx,160,71.314400000,71.655536744,0.341136744,0,1
rx,161,71.478240000,71.656953920,0.178713920,0,1
rx,162,71.642080000,71.657788312,0.015708312,0,1
tx,163,71.805920000,71.805920000,0.000000000,0,1
rx,163,71.805920000,71.807012784,0.001092784,0,1
tx,164,71.969760000,71.969760000,0.000000000,0,1
rx,164,71.969760000,71.970852784,0.001092784,0,1
tx,165,72.133600000,72.133600000,0.000000000,1,1
rx,165,72.133600000,72.134692784,0.001092784,1,1
tx,166,72.297440000,72.297440000,0.000000000,1,1
rx,166,72.297440000,72.298532784,0.001092784,1,1
tx,167,72.461280000,72.461280000,0.000000000,1,1
rx,167,72.461280000,72.462372784,0.001092784,1,1
tx,168,72.625120000,72.625120000,0.000000000,1,1
rx,168,72.625120000,72.626212784,0.001092784,1,1
tx,169,72.788960000,72.788960000,0.000000000,1,1
tx,170,72.952800000,72.952800000,0.000000000,1,1
tx,171,73.116640000,73.116640000,0.000000000,0,1
tx,172,73.280480000,73.280480000,0.000000000,0,1
tx,173,73.444320000,73.444320000,0.000000000,0,1
tx,174,73.608160000,73.608160000,0.000000000,0,1
rx,170,72.952800000,73.623345136,0.670545136,0,1
rx,171,73.116640000,73.624349528,0.507709528,0,1
rx,172,73.280480000,73.625547920,0.345067920,0,1
rx,173,73.444320000,73.626980704,0.182660704,0,1
rx,174,73.608160000,73.627829096,0.019669096,0,1
tx,175,73.772000000,73.772000000,0.000000000,0,1
rx,175,73.772000000,73.773092784,0.001092784,0,1
tx,176,73.935840000,73.935840000,0.000000000,0,1
rx,176,73.935840000,73.936932784,0.001092784,0,1
tx,177,74.099680000,74.099680000,0.000000000,1,1
rx,177,74.099680000,74.100772784,0.001092784,1,1
tx,178,74.263520000,74.263520000,0.000000000,1,1
rx,178,74.263520000,74.264612784,0.001092784,1,1
tx,179,74.427360000,74.427360000,0.000000000,1,1
rx,179,74.427360000,74.428452784,0.001092784,1,1
tx,180,74.591200000,74.591200000,0.000000000,1,1
rx,180,74.591200000,74.592292784,0.001092784,1,1
tx,181,74.755040000,74.755040000,0.000000000,1,1
rx,181,74.755040000,74.757992784,0.002952784,1,1
tx,182,74.918880000,74.918880000,0.000000000,1,1
tx,183,75.082720000,75.082720000,0.000000000,0,1
tx,184,75.246560000,75.246560000,0.000000000,0,1
tx,185,75.410400000,75.410400000,0.000000000,0,1
tx,186,75.574240000,75.574240000,0.000000000,0,1
tx,187,75.738080000,75.738080000,0.000000000,0,1
rx,183,75.082720000,75.762472744,0.679752744,0,1
rx,184,75.246560000,75.763762312,0.517202312,0,1
rx,185,75.410400000,75.765040704,0.354640704,0,1
rx,186,75.574240000,75.766659096,0.192419096,0,1
rx,187,75.738080000,75.767587488,0.029507488,0,1
tx,188,75.901920000,75.901920000,0.000000000,0,1
rx,188,75.901920000,75.903012784,0.001092784,0,1
tx,189,76.065760000,76.065760000,0.000000000,1,1
rx,189,76.065760000,76.066852784,0.001092784,1,1
tx,190,76.229600000,76.229600000,0.000000000,1,1
rx,190,76.229600000,76.230692784,0.001092784,1,1
tx,191,76.393440000,76.393440000,0.000000000,1,1
rx,191,76.393440000,76.394532784,0.001092784,1,1
tx,192,76.557280000,76.557280000,0.000000000,1,1
rx,192,76.557280000,76.558372784,0.001092784,1,1
tx,193,76.721120000,76.721120000,0.000000000,1,1
rx,193,76.721120000,76.722212784,0.001092784,1,1
tx,194,76.884960000,76.884960000,0.000000000,1,1
tx,195,77.048800000,77.048800000,0.000000000,0,1
tx,196,77.212640000,77.212640000,0.000000000,0,1
tx,197,77.376480000,77.376480000,0.000000000,0,1
tx,198,77.540320000,77.540320000,0.000000000,0,1
tx,199,77.704160000,77.704160000,0.000000000,0,1
rx,195,77.048800000,77.723392744,0.674592744,0,1
rx,196,77.212640000,77.726242312,0.513602312,0,1
rx,197,77.376480000,77.727300704,0.350820704,0,1
rx,198,77.540320000,77.728599488,0.188279488,0,1
rx,199,77.704160000,77.729367880,0.025207880,0,1
tx,200,77.868000000,77.868000000,0.000000000,0,1
rx,200,77.868000000,77.869092784,0.001092784,0,1
tx,201,78.031840000,78.031840000,0.000000000,1,1
rx,201,78.031840000,78.032932784,0.001092784,1,1
tx,202,78.195680000,78.195680000,0.000000000,1,1
rx,202,78.195680000,78.196772784,0.001092784,1,1
tx,203,78.359520000,78.359520000,0.000000000,1,1
rx,203,78.359520000,78.360612784,0.001092784,1,1
tx,204,78.523360000,78.523360000,0.000000000,1,1
rx,204,78.523360000,78.524452784,0.001092784,1,1
tx,205,78.687200000,78.687200000,0.000000000,1,1
rx,205,78.687200000,78.688292784,0.001092784,1,1
tx,206,78.851040000,78.851040000,0.000000000,1,1
tx,207,79.014880000,79.014880000,0.000000000,0,0
tx,208,79.178720000,79.178720000,0.000000000,0,1
tx,209,79.342560000,79.342560000,0.000000000,0,1
tx,210,79.506400000,79.506400000,0.000000000,0,1
tx,211,79.670240000,79.670240000,0.000000000,0,1
rx,207,79.014880000,79.670927568,0.656047568,0,1
rx,208,79.178720000,79.672025960,0.493305960,0,1
rx,209,79.342560000,79.673144352,0.330584352,0,1
rx,210,79.506400000,79.674022744,0.167622744,0,1
rx,211,79.670240000,79.675301136,0.005061136,0,1
tx,212,79.834080000,79.834080000,0.000000000,0,1
rx,212,79.834080000,79.835172784,0.001092784,0,1
tx,213,79.997920000,79.997920000,0.000000000,0,1
rx,213,79.997920000,79.999012784,0.001092784,0,1
tx,214,80.161760000,80.161760000,0.000000000,1,1
rx,214,80.161760000,80.162852784,0.001092784,1,1
tx,215,80.325600000,80.325600000,0.000000000,1,1
rx,215,80.325600000,80.326692784,0.001092784,1,1
tx,216,80.489440000,80.489440000,0.000000000,1,1
rx,216,80.489440000,80.490532784,0.001092784,1,1
tx,217,80.653280000,80.653280000,0.000000000,1,1
rx,217,80.653280000,80.654372784,0.001092784,1,1
tx,218,80.817120000,80.817120000,0.000000000,1,1
tx,219,80.980960000,80.980960000,0.000000000,1,0
tx,220,81.144800000,81.144800000,0.000000000,0,1
tx,221,81.308640000,81.308640000,0.000000000,0,1
tx,222,81.472480000,81.472480000,0.000000000,0,1
tx,223,81.636320000,81.636320000,0.000000000,0,1
rx,219,80.980960000,81.656927568,0.675967568,0,1
rx,220,81.144800000,81.658360352,0.513560352,0,1
rx,221,81.308640000,81.660257528,0.351617528,0,1
rx,222,81.472480000,81.661555920,0.189075920,0,1
rx,223,81.636320000,81.663054312,0.026734312,0,1
tx,224,81.800160000,81.800160000,0.000000000,0,1
rx,224,81.800160000,81.801252784,0.001092784,0,1
tx,225,81.964000000,81.964000000,0.000000000,0,1
rx,225,81.964000000,81.965092784,0.001092784,0,1
tx,226,82.127840000,82.127840000,0.000000000,1,1
rx,226,82.127840000,82.128932784,0.001092784,1,1
tx,227,82.291680000,82.291680000,0.000000000,1,1
rx,227,82.291680000,82.292772784,0.001092784,1,1
tx,228,82.455520000,82.455520000,0.000000000,1,1
rx,228,82.455520000,82.456612784,0.001092784,1,1
tx,229,82.619360000,82.619360000,0.000000000,1,1
rx,229,82.619360000,82.620452784,0.001092784,1,1
tx,230,82.783200000,82.783200000,0.000000000,1,1
tx,231,82.947040000,82.947040000,0.000000000,1,1
tx,232,83.110880000,83.110880000,0.000000000,0,1
tx,233,83.274720000,83.274720000,0.000000000,0,1
tx,234,83.438560000,83.438560000,0.000000000,0,1
tx,235,83.602400000,83.602400000,0.000000000,0,1
rx,231,82.947040000,83.622087568,0.675047568,0,1
rx,232,83.110880000,83.623505960,0.512625960,0,1
rx,233,83.274720000,83.624434352,0.349714352,0,1
rx,234,83.438560000,83.625572744,0.187012744,0,1
rx,235,83.602400000,83.626751136,0.024351136,0,1
tx,236,83.766240000,83.766240000,0.000000000,0,1
rx,236,83.766240000,83.767332784,0.001092784,0,1
tx,237,83.930080000,83.930080000,0.000000000,0,1
rx,237,83.930080000,83.931172784,0.001092784,0,1
tx,238,84.093920000,84.093920000,0.000000000,1,1
rx,238,84.093920000,84.095012784,0.001092784,1,1
tx,239,84.257760000,84.257760000,0.000000000,1,1
rx,239,84.257760000,84.258852784,0.001092784,1,1
tx,240,84.421600000,84.421600000,0.000000000,1,1
rx,240,84.421600000,84.422692784,0.001092784,1,1
tx,241,84.585440000,84.585440000,0.000000000,1,1
rx,241,84.585440000,84.586532784,0.001092784,1,1
tx,242,84.749280000,84.749280000,0.000000000,1,1
rx,242,84.749280000,84.751122784,0.001842784,1,1
tx,243,84.913120000,84.913120000,0.000000000,1,1
tx,244,85.076960000,85.076960000,0.000000000,0,1
tx,245,85.240800000,85.240800000,0.000000000,0,1
tx,246,85.404640000,85.404640000,0.000000000,0,1
tx,247,85.568480000,85.568480000,0.000000000,0,1
rx,244,85.076960000,85.732313568,0.655353568,0,1
tx,248,85.732320000,85.732320000,0.000000000,0,1
rx,245,85.240800000,85.733651960,0.492851960,0,1
rx,246,85.404640000,85.735130352,0.330490352,0,1
rx,247,85.568480000,85.736523136,0.168043136,0,1
rx,248,85.732320000,85.737921528,0.005601528,0,1
tx,249,85.896160000,85.896160000,0.000000000,0,1
rx,249,85.896160000,85.897252784,0.001092784,0,1
tx,250,86.060000000,86.060000000,0.000000000,1,1
rx,250,86.060000000,86.061092784,0.001092784,1,1
tx,251,86.223840000,86.223840000,0.000000000,1,1
rx,251,86.223840000,86.224932784,0.001092784,1,1
tx,252,86.387680000,86.387680000,0.000000000,1,1
rx,252,86.387680000,86.388772784,0.001092784,1,1
tx,253,86.551520000,86.551520000,0.000000000,1,1
rx,253,86.551520000,86.552612784,0.001092784,1,1
tx,254,86.715360000,86.715360000,0.000000000,1,1
rx,254,86.715360000,86.716452784,0.001092784,1,1
tx,255,86.879200000,86.879200000,0.000000000,1,1
tx,256,87.043040000,87.043040000,0.000000000,0,1
tx,257,87.206880000,87.206880000,0.000000000,0,1
tx,258,87.370720000,87.370720000,0.000000000,0,1
tx,259,87.534560000,87.534560000,0.000000000,0,1
tx,260,87.698400000,87.698400000,0.000000000,0,1
rx,256,87.043040000,87.710001528,0.666961528,0,1
rx,257,87.206880000,87.710869920,0.503989920,0,1
rx,258,87.370720000,87.712208312,0.341488312,0,1
rx,259,87.534560000,87.713306704,0.178746704,0,1
rx,260,87.698400000,87.714445096,0.016045096,0,1
tx,261,87.862240000,87.862240000,0.000000000,0,1
rx,261,87.862240000,87.863332784,0.001092784,0,1
tx,262,88.026080000,88.026080000,0.000000000,1,1
rx,262,88.026080000,88.027172784,0.001092784,1,1
tx,263,88.189920000,88.189920000,0.000000000,1,1
rx,263,88.189920000,88.191012784,0.001092784,1,1
tx,264,88.353760000,88.353760000,0.000000000,1,1
rx,264,88.353760000,88.354852784,0.001092784,1,1
tx,265,88.517600000,88.517600000,0.000000000,1,1
rx,265,88.517600000,88.518692784,0.001092784,1,1
tx,266,88.681440000,88.681440000,0.000000000,1,1
rx,266,88.681440000,88.682532784,0.001092784,1,1
tx,267,88.845280000,88.845280000,0.000000000,1,1
tx,268,89.009120000,89.009120000,0.000000000,0,0
tx,269,89.172960000,89.172960000,0.000000000,0,1
tx,270,89.336800000,89.336800000,0.000000000,0,1
tx,271,89.500640000,89.500640000,0.000000000,0,1
tx,272,89.664480000,89.664480000,0.000000000,0,1
rx,268,89.009120000,89.680007568,0.670887568,0,1
rx,269,89.172960000,89.681325960,0.508365960,0,1
rx,270,89.336800000,89.682824352,0.346024352,0,1
rx,271,89.500640000,89.684017136,0.183377136,0,1
rx,272,89.664480000,89.685175528,0.020695528,0,1
tx,273,89.828320000,89.828320000,0.000000000,0,1
rx,273,89.828320000,89.829412784,0.001092784,0,1
tx,274,89.992160000,89.992160000,0.000000000,0,1
rx,274,89.992160000,89.993252784,0.001092784,0,1
tx,275,90.156000000,90.156000000,0.000000000,1,1
rx,275,90.156000000,90.157092784,0.001092784,1,1
tx,276,90.319840000,90.319840000,0.000000000,1,1
rx,276,90.319840000,90.320932784,0.001092784,1,1
tx,277,90.483680000,90.483680000,0.000000000,1,1
rx,277,90.483680000,90.484772784,0.001092784,1,1
tx,278,90.647520000,90.647520000,0.000000000,1,1
rx,278,90.647520000,90.648612784,0.001092784,1,1
tx,279,90.811360000,90.811360000,0.000000000,1,1
tx,280,90.975200000,90.975200000,0.000000000,1,0
tx,281,91.139040000,91.139040000,0.000000000,0,1
tx,282,91.302880000,91.302880000,0.000000000,0,1
tx,283,91.466720000,91.466720000,0.000000000,0,1
tx,284,91.630560000,91.630560000,0.000000000,0,1
rx,280,90.975200000,91.636542352,0.661342352,0,1
rx,281,91.139040000,91.637755136,0.498715136,0,1
rx,282,91.302880000,91.638927920,0.336047920,0,1
rx,283,91.466720000,91.639738312,0.173018312,0,1
rx,284,91.630560000,91.640896704,0.010336704,0,1
tx,285,91.794400000,91.794400000,0.000000000,0,1
rx,285,91.794400000,91.795492784,0.001092784,0,1
tx,286,91.958240000,91.958240000,0.000000000,0,1
rx,286,91.958240000,91.959332784,0.001092784,0,1
tx,287,92.122080000,92.122080000,0.000000000,1,1
rx,287,92.122080000,92.123172784,0.001092784,1,1
tx,288,92.285920000,92.285920000,0.000000000,1,1
rx,288,92.285920000,92.287012784,0.001092784,1,1
tx,289,92.449760000,92.449760000,0.000000000,1,1
rx,289,92.449760000,92.450852784,0.001092784,1,1
tx,290,92.613600000,92.613600000,0.000000000,1,1
rx,290,92.613600000,92.614692784,0.001092784,1,1
tx,291,92.777440000,92.777440000,0.000000000,1,1
tx,292,92.941280000,92.941280000,0.000000000,1,1
tx,293,93.105120000,93.105120000,0.000000000,0,1
tx,294,93.268960000,93.268960000,0.000000000,0,1
tx,295,93.432800000,93.432800000,0.000000000,0,1
tx,296,93.596640000,93.596640000,0.000000000,0,1
rx,292,92.941280000,93.598254352,0.656974352,0,1
rx,293,93.105120000,93.600371528,0.495251528,0,1
rx,294,93.268960000,93.601545920,0.332585920,0,1
rx,295,93.432800000,93.602840312,0.170040312,0,1
rx,296,93.596640000,93.604158704,0.007518704,0,1
tx,297,93.760480000,93.760480000,0.000000000,0,1
rx,297,93.760480000,93.761572784,0.001092784,0,1
tx,298,93.924320000,93.924320000,0.000000000,0,1
rx,298,93.924320000,93.925412784,0.001092784,0,1
tx,299,94.088160000,94.088160000,0.000000000,1,1
rx,299,94.088160000,94.089252784,0.001092784,1,1
tx,300,94.252000000,94.252000000,0.000000000,1,1
rx,300,94.252000000,94.253092784,0.001092784,1,1
tx,301,94.415840000,94.415840000,0.000000000,1,1
rx,301,94.415840000,94.416932784,0.001092784,1,1
tx,302,94.579680000,94.579680000,0.000000000,1,1
rx,302,94.579680000,94.580772784,0.001092784,1,1
tx,303,94.743520000,94.743520000,0.000000000,1,1
rx,303,94.743520000,94.744612784,0.001092784,1,1
tx,304,94.907360000,94.907360000,0.000000000,1,1
tx,305,95.071200000,95.071200000,0.000000000,0,1
tx,306,95.235040000,95.235040000,0.000000000,0,1
tx,307,95.398880000,95.398880000,0.000000000,0,1
tx,308,95.562720000,95.562720000,0.000000000,0,1
tx,309,95.726560000,95.726560000,0.000000000,0,1
rx,305,95.071200000,95.747147568,0.675947568,0,1
rx,306,95.235040000,95.748545960,0.513505960,0,1
rx,307,95.398880000,95.749594352,0.350714352,0,1
rx,308,95.562720000,95.750612744,0.187892744,0,1
rx,309,95.726560000,95.751731136,0.025171136,0,1
tx,310,95.890400000,95.890400000,0.000000000,0,1
rx,310,95.890400000,95.891492784,0.001092784,0,1
tx,311,96.054240000,96.054240000,0.000000000,1,1
rx,311,96.054240000,96.055332784,0.001092784,1,1
tx,312,96.218080000,96.218080000,0.000000000,1,1
rx,312,96.218080000,96.219172784,0.001092784,1,1
tx,313,96.381920000,96.381920000,0.000000000,1,1
rx,313,96.381920000,96.383012784,0.001092784,1,1
tx,314,96.545760000,96.545760000,0.000000000,1,1
rx,314,96.545760000,96.546852784,0.001092784,1,1
tx,315,96.709600000,96.709600000,0.000000000,1,1
rx,315,96.709600000,96.710692784,0.001092784,1,1
tx,316,96.873440000,96.873440000,0.000000000,1,1
tx,317,97.037280000,97.037280000,0.000000000,0,1
tx,318,97.201120000,97.201120000,0.000000000,0,1
tx,319,97.364960000,97.364960000,0.000000000,0,1
tx,320,97.528800000,97.528800000,0.000000000,0,1
tx,321,97.692640000,97.692640000,0.000000000,0,1
rx,317,97.037280000,97.702992352,0.665712352,0,1
rx,318,97.201120000,97.721489920,0.520369920,0,1
rx,319,97.364960000,97.722578312,0.357618312,0,1
rx,320,97.528800000,97.725037488,0.196237488,0,1
rx,321,97.692640000,97.725975880,0.033335880,0,1
tx,322,97.856480000,97.856480000,0.000000000,0,1
rx,322,97.856480000,97.857572784,0.001092784,0,1
tx,323,98.020320000,98.020320000,0.000000000,1,1
rx,323,98.020320000,98.021412784,0.001092784,1,1
tx,324,98.184160000,98.184160000,0.000000000,1,1
rx,324,98.184160000,98.185252784,0.001092784,1,1
tx,325,98.348000000,98.348000000,0.000000000,1,1
rx,325,98.348000000,98.349092784,0.001092784,1,1
tx,326,98.511840000,98.511840000,0.000000000,1,1
rx,326,98.511840000,98.512932784,0.001092784,1,1
tx,327,98.675680000,98.675680000,0.000000000,1,1
rx,327,98.675680000,98.676772784,0.001092784,1,1
tx,328,98.839520000,98.839520000,0.000000000,1,1
tx,329,99.003360000,99.003360000,0.000000000,0,0
tx,330,99.167200000,99.167200000,0.000000000,0,1
tx,331,99.331040000,99.331040000,0.000000000,0,1
tx,332,99.494880000,99.494880000,0.000000000,0,1
tx,333,99.658720000,99.658720000,0.000000000,0,1
rx,329,99.003360000,99.692968352,0.689608352,0,1
rx,330,99.167200000,99.694417920,0.527217920,0,1
rx,331,99.331040000,99.695616312,0.364576312,0,1
rx,332,99.494880000,99.696874704,0.201994704,0,1
rx,333,99.658720000,99.697743096,0.039023096,0,1
tx,334,99.822560000,99.822560000,0.000000000,0,1
rx,334,99.822560000,99.823652784,0.001092784,0,1
tx,335,99.986400000,99.986400000,0.000000000,0,1
rx,335,99.986400000,99.987492784,0.001092784,0,1
tx,336,100.150240000,100.150240000,0.000000000,1,1
rx,336,100.150240000,100.151332784,0.001092784,1,1
tx,337,100.314080000,100.314080000,0.000000000,1,1
rx,337,100.314080000,100.315172784,0.001092784,1,1
tx,338,100.477920000,100.477920000,0.000000000,1,1
rx,338,100.477920000,100.479012784,0.001092784,1,1
tx,339,100.641760000,100.641760000,0.000000000,1,1
rx,339,100.641760000,100.642852784,0.001092784,1,1
tx,340,100.805600000,100.805600000,0.000000000,1,1
tx,341,100.969440000,100.969440000,0.000000000,1,0
tx,342,101.133280000,101.133280000,0.000000000,0,1
tx,343,101.297120000,101.297120000,0.000000000,0,1
tx,344,101.460960000,101.460960000,0.000000000,0,1
tx,345,101.624800000,101.624800000,0.000000000,0,1
rx,341,100.969440000,101.642647568,0.673207568,0,1
rx,342,101.133280000,101.643886352,0.510606352,0,1
rx,343,101.297120000,101.645643528,0.348523528,0,1
rx,344,101.460960000,101.646751920,0.185791920,0,1
rx,345,101.624800000,101.647846312,0.023046312,0,1
tx,346,101.788640000,101.788640000,0.000000000,0,1
rx,346,101.788640000,101.789732784,0.001092784,0,1
tx,347,101.952480000,101.952480000,0.000000000,0,1
rx,347,101.952480000,101.953572784,0.001092784,0,1
tx,348,102.116320000,102.116320000,0.000000000,1,1
rx,348,102.116320000,102.117412784,0.001092784,1,1
tx,349,102.280160000,102.280160000,0.000000000,1,1
rx,349,102.280160000,102.281252784,0.001092784,1,1
tx,350,102.444000000,102.444000000,0.000000000,1,1
rx,350,102.444000000,102.445092784,0.001092784,1,1
tx,351,102.607840000,102.607840000,0.000000000,1,1
rx,351,102.607840000,102.608932784,0.001092784,1,1
tx,352,102.771680000,102.771680000,0.000000000,1,1
tx,353,102.935520000,102.935520000,0.000000000,1,1
tx,354,103.099360000,103.099360000,0.000000000,0,1
tx,355,103.263200000,103.263200000,0.000000000,0,1
tx,356,103.427040000,103.427040000,0.000000000,0,1
tx,357,103.590880000,103.590880000,0.000000000,0,1
rx,353,102.935520000,103.605307568,0.669787568,0,1
rx,354,103.099360000,103.606255960,0.506895960,0,1
rx,355,103.263200000,103.607414352,0.344214352,0,1
rx,356,103.427040000,103.608872744,0.181832744,0,1
rx,357,103.590880000,103.609931136,0.019051136,0,1
tx,358,103.754720000,103.754720000,0.000000000,0,1
rx,358,103.754720000,103.755812784,0.001092784,0,1
tx,359,103.918560000,103.918560000,0.000000000,0,1
rx,359,103.918560000,103.919652784,0.001092784,0,1
