topology,parameter,cell,realizations,distinct_timelines,mean_pairwise_hamming_frames,uptime_frames_min,uptime_frames_max,uptime_frames_sample_sd,pooled_up_run_length_variance_frames2,pooled_outage_start_variance_frames2,per_realization_mean_up_run_variance_frames2,per_realization_mean_outage_start_variance_frames2
ladder,pathPersistency,pathPersistency_0.0000,5,1,0.0,30,30,0.0,0.21008403361344538,252.29885057471265,0.0,0.0
ladder,pathPersistency,pathPersistency_0.2500,5,1,0.0,30,30,0.0,0.21008403361344538,252.29885057471265,0.0,0.0
ladder,pathPersistency,pathPersistency_0.5000,5,1,0.0,30,30,0.0,0.21008403361344538,252.29885057471265,0.0,0.0
ladder,pathPersistency,pathPersistency_0.7500,5,1,0.0,30,30,0.0,0.21008403361344538,252.29885057471265,0.0,0.0
ladder,pathPersistency,pathPersistency_1.0000,5,1,0.0,30,30,0.0,0.21008403361344538,252.29885057471265,0.0,0.0
ladder,path_life,path_life_0.1000,5,1,0.0,6,6,0.0,0,0,0,0
ladder,path_life,path_life_0.3000,5,1,0.0,18,18,0.0,0.2631578947368421,244.52380952380952,0.0,0.0
ladder,path_life,path_life_0.5000,5,1,0.0,30,30,0.0,0.21008403361344538,252.29885057471265,0.0,0.0
ladder,path_life,path_life_0.7000,5,1,0.0,42,42,0.0,0.22727272727272727,264.55128205128204,0.0,0.0
ladder,path_life,path_life_0.9000,5,1,0.0,54,54,0.0,0.21008403361344538,236.7816091954023,0.0,0.0
ladder,stability,stability_0.0000,5,1,0.0,30,30,0.0,0,283.92241379310343,0,0.0
ladder,stability,stability_0.2000,5,1,0.0,30,30,0.0,0.18907563025210083,259.67581998474446,0.0,0.0
ladder,stability,stability_0.4000,5,1,0.0,30,30,0.0,0.2247191011235955,325.6582633053221,0.0,0.0
ladder,stability,stability_0.6000,5,1,0.0,30,30,0.0,0.21634615384615385,277.3093220338983,0.0,0.0
ladder,stability,stability_0.8000,5,1,0.0,30,30,0.0,0.21008403361344538,252.29885057471265,0.0,0.0
line,pathPersistency,pathPersistency_0.0000,5,1,0.0,30,30,0.0,0.21008403361344538,252.29885057471265,0.0,0.0
line,pathPersistency,pathPersistency_0.2500,5,1,0.0,30,30,0.0,0.21008403361344538,252.29885057471265,0.0,0.0
line,pathPersistency,pathPersistency_0.5000,5,1,0.0,30,30,0.0,0.21008403361344538,252.29885057471265,0.0,0.0
line,pathPersistency,pathPersistency_0.7500,5,1,0.0,30,30,0.0,0.21008403361344538,252.29885057471265,0.0,0.0
line,pathPersistency,pathPersistency_1.0000,5,1,0.0,30,30,0.0,0.21008403361344538,252.29885057471265,0.0,0.0
line,path_life,path_life_0.1000,5,1,0.0,6,6,0.0,0,0,0,0
line,path_life,path_life_0.3000,5,1,0.0,18,18,0.0,0.2631578947368421,244.52380952380952,0.0,0.0
line,path_life,path_life_0.5000,5,1,0.0,30,30,0.0,0.21008403361344538,252.29885057471265,0.0,0.0
line,path_life,path_life_0.7000,5,1,0.0,42,42,0.0,0.22727272727272727,264.55128205128204,0.0,0.0
line,path_life,path_life_0.9000,5,1,0.0,54,54,0.0,0.21008403361344538,236.7816091954023,0.0,0.0
line,stability,stability_0.0000,5,1,0.0,30,30,0.0,0,283.92241379310343,0,0.0
line,stability,stability_0.2000,5,1,0.0,30,30,0.0,0.18907563025210083,259.67581998474446,0.0,0.0
line,stability,stability_0.4000,5,1,0.0,30,30,0.0,0.2247191011235955,325.6582633053221,0.0,0.0
line,stability,stability_0.6000,5,1,0.0,30,30,0.0,0.21634615384615385,277.3093220338983,0.0,0.0
line,stability,stability_0.8000,5,1,0.0,30,30,0.0,0.21008403361344538,252.29885057471265,0.0,0.0
two-lines,pathPersistency,pathPersistency_0.0000,5,1,0.0,30,30,0.0,0.21008403361344538,252.29885057471265,0.0,0.0
two-lines,pathPersistency,pathPersistency_0.2500,5,1,0.0,30,30,0.0,0.21008403361344538,252.29885057471265,0.0,0.0
two-lines,pathPersistency,pathPersistency_0.5000,5,1,0.0,30,30,0.0,0.21008403361344538,252.29885057471265,0.0,0.0
two-lines,pathPersistency,pathPersistency_0.7500,5,1,0.0,30,30,0.0,0.21008403361344538,252.29885057471265,0.0,0.0
two-lines,pathPersistency,pathPersistency_1.0000,5,1,0.0,30,30,0.0,0.21008403361344538,252.29885057471265,0.0,0.0
two-lines,path_life,path_life_0.1000,5,1,0.0,6,6,0.0,0,0,0,0
two-lines,path_life,path_life_0.3000,5,1,0.0,18,18,0.0,0.2631578947368421,244.52380952380952,0.0,0.0
two-lines,path_life,path_life_0.5000,5,1,0.0,30,30,0.0,0.21008403361344538,252.29885057471265,0.0,0.0
two-lines,path_life,path_life_0.7000,5,1,0.0,42,42,0.0,0.22727272727272727,264.55128205128204,0.0,0.0
two-lines,path_life,path_life_0.9000,5,1,0.0,54,54,0.0,0.21008403361344538,236.7816091954023,0.0,0.0
two-lines,stability,stability_0.0000,5,1,0.0,30,30,0.0,0,283.92241379310343,0,0.0
two-lines,stability,stability_0.2000,5,1,0.0,30,30,0.0,0.18907563025210083,259.67581998474446,0.0,0.0
two-lines,stability,stability_0.4000,5,1,0.0,30,30,0.0,0.2247191011235955,325.6582633053221,0.0,0.0
two-lines,stability,stability_0.6000,5,1,0.0,30,30,0.0,0.21634615384615385,277.3093220338983,0.0,0.0
two-lines,stability,stability_0.8000,5,1,0.0,30,30,0.0,0.21008403361344538,252.29885057471265,0.0,0.0
