topology,parameter,cell,graph_id,frame_count,node_count,sr_up_frames,sr_uptime,distinct_timeline_cell_pending,up_run_count,outage_count,up_run_lengths_frames,outage_start_frames,frames_path
line,pathPersistency,pathPersistency_0.0000,graph_0001,60,5,30,0.5,,7,6,5;5;4;4;4;4;4,5;15;24;33;42;51,simple-graph-experiments-v2/phase5/line/pathPersistency/dynamic_frames/graph_0001/pathPersistency_0.0000/frames.csv
line,pathPersistency,pathPersistency_0.2500,graph_0001,60,5,30,0.5,,7,6,5;5;4;4;4;4;4,5;15;24;33;42;51,simple-graph-experiments-v2/phase5/line/pathPersistency/dynamic_frames/graph_0001/pathPersistency_0.2500/frames.csv
line,pathPersistency,pathPersistency_0.5000,graph_0001,60,5,30,0.5,,7,6,5;5;4;4;4;4;4,5;15;24;33;42;51,simple-graph-experiments-v2/phase5/line/pathPersistency/dynamic_frames/graph_0001/pathPersistency_0.5000/frames.csv
line,pathPersistency,pathPersistency_0.7500,graph_0001,60,5,30,0.5,,7,6,5;5;4;4;4;4;4,5;15;24;33;42;51,simple-graph-experiments-v2/phase5/line/pathPersistency/dynamic_frames/graph_0001/pathPersistency_0.7500/frames.csv
line,pathPersistency,pathPersistency_1.0000,graph_0001,60,5,30,0.5,,7,6,5;5;4;4;4;4;4,5;15;24;33;42;51,simple-graph-experiments-v2/phase5/line/pathPersistency/dynamic_frames/graph_0001/pathPersistency_1.0000/frames.csv
line,pathPersistency,pathPersistency_0.0000,graph_0002,60,5,30,0.5,,7,6,5;5;4;4;4;4;4,5;15;24;33;42;51,simple-graph-experiments-v2/phase5/line/pathPersistency/dynamic_frames/graph_0002/pathPersistency_0.0000/frames.csv
line,pathPersistency,pathPersistency_0.2500,graph_0002,60,5,30,0.5,,7,6,5;5;4;4;4;4;4,5;15;24;33;42;51,simple-graph-experiments-v2/phase5/line/pathPersistency/dynamic_frames/graph_0002/pathPersistency_0.2500/frames.csv
line,pathPersistency,pathPersistency_0.5000,graph_0002,60,5,30,0.5,,7,6,5;5;4;4;4;4;4,5;15;24;33;42;51,simple-graph-experiments-v2/phase5/line/pathPersistency/dynamic_frames/graph_0002/pathPersistency_0.5000/frames.csv
line,pathPersistency,pathPersistency_0.7500,graph_0002,60,5,30,0.5,,7,6,5;5;4;4;4;4;4,5;15;24;33;42;51,simple-graph-experiments-v2/phase5/line/pathPersistency/dynamic_frames/graph_0002/pathPersistency_0.7500/frames.csv
line,pathPersistency,pathPersistency_1.0000,graph_0002,60,5,30,0.5,,7,6,5;5;4;4;4;4;4,5;15;24;33;42;51,simple-graph-experiments-v2/phase5/line/pathPersistency/dynamic_frames/graph_0002/pathPersistency_1.0000/frames.csv
line,pathPersistency,pathPersistency_0.0000,graph_0003,60,5,30,0.5,,7,6,5;5;4;4;4;4;4,5;15;24;33;42;51,simple-graph-experiments-v2/phase5/line/pathPersistency/dynamic_frames/graph_0003/pathPersistency_0.0000/frames.csv
line,pathPersistency,pathPersistency_0.2500,graph_0003,60,5,30,0.5,,7,6,5;5;4;4;4;4;4,5;15;24;33;42;51,simple-graph-experiments-v2/phase5/line/pathPersistency/dynamic_frames/graph_0003/pathPersistency_0.2500/frames.csv
line,pathPersistency,pathPersistency_0.5000,graph_0003,60,5,30,0.5,,7,6,5;5;4;4;4;4;4,5;15;24;33;42;51,simple-graph-experiments-v2/phase5/line/pathPersistency/dynamic_frames/graph_0003/pathPersistency_0.5000/frames.csv
line,pathPersistency,pathPersistency_0.7500,graph_0003,60,5,30,0.5,,7,6,5;5;4;4;4;4;4,5;15;24;33;42;51,simple-graph-experiments-v2/phase5/line/pathPersistency/dynamic_frames/graph_0003/pathPersistency_0.7500/frames.csv
line,pathPersistency,pathPersistency_1.0000,graph_0003,60,5,30,0.5,,7,6,5;5;4;4;4;4;4,5;15;24;33;42;51,simple-graph-experiments-v2/phase5/line/pathPersistency/dynamic_frames/graph_0003/pathPersistency_1.0000/frames.csv
line,pathPersistency,pathPersistency_0.0000,graph_0004,60,5,30,0.5,,7,6,5;5;4;4;4;4;4,5;15;24;33;42;51,simple-graph-experiments-v2/phase5/line/pathPersistency/dynamic_frames/graph_0004/pathPersistency_0.0000/frames.csv
line,pathPersistency,pathPersistency_0.2500,graph_0004,60,5,30,0.5,,7,6,5;5;4;4;4;4;4,5;15;24;33;42;51,simple-graph-experiments-v2/phase5/line/pathPersistency/dynamic_frames/graph_0004/pathPersistency_0.2500/frames.csv
line,pathPersistency,pathPersistency_0.5000,graph_0004,60,5,30,0.5,,7,6,5;5;4;4;4;4;4,5;15;24;33;42;51,simple-graph-experiments-v2/phase5/line/pathPersistency/dynamic_frames/graph_0004/pathPersistency_0.5000/frames.csv
line,pathPersistency,pathPersistency_0.7500,graph_0004,60,5,30,0.5,,7,6,5;5;4;4;4;4;4,5;15;24;33;42;51,simple-graph-experiments-v2/phase5/line/pathPersistency/dynamic_frames/graph_0004/pathPersistency_0.7500/frames.csv
line,pathPersistency,pathPersistency_1.0000,graph_0004,60,5,30,0.5,,7,6,5;5;4;4;4;4;4,5;15;24;33;42;51,simple-graph-experiments-v2/phase5/line/pathPersistency/dynamic_frames/graph_0004/pathPersistency_1.0000/frames.csv
line,pathPersistency,pathPersistency_0.0000,graph_0005,60,5,30,0.5,,7,6,5;5;4;4;4;4;4,5;15;24;33;42;51,simple-graph-experiments-v2/phase5/line/pathPersistency/dynamic_frames/graph_0005/pathPersistency_0.0000/frames.csv
line,pathPersistency,pathPersistency_0.2500,graph_0005,60,5,30,0.5,,7,6,5;5;4;4;4;4;4,5;15;24;33;42;51,simple-graph-experiments-v2/phase5/line/pathPersistency/dynamic_frames/graph_0005/pathPersistency_0.2500/frames.csv
line,pathPersistency,pathPersistency_0.5000,graph_0005,60,5,30,0.5,,7,6,5;5;4;4;4;4;4,5;15;24;33;42;51,simple-graph-experiments-v2/phase5/line/pathPersistency/dynamic_frames/graph_0005/pathPersistency_0.5000/frames.csv
line,pathPersistency,pathPersistency_0.7500,graph_0005,60,5,30,0.5,,7,6,5;5;4;4;4;4;4,5;15;24;33;42;51,simple-graph-experiments-v2/phase5/line/pathPersistency/dynamic_frames/graph_0005/pathPersistency_0.7500/frames.csv
line,pathPersistency,pathPersistency_1.0000,graph_0005,60,5,30,0.5,,7,6,5;5;4;4;4;4;4,5;15;24;33;42;51,simple-graph-experiments-v2/phase5/line/pathPersistency/dynamic_frames/graph_0005/pathPersistency_1.0000/frames.csv
line,path_life,path_life_0.1000,graph_0001,60,5,6,0.1,,2,1,3;3,3,simple-graph-experiments-v2/phase5/line/path_life/dynamic_frames/graph_0001/path_life_0.1000/frames.csv
line,path_life,path_life_0.3000,graph_0001,60,5,18,0.3,,4,3,5;5;4;4,5;24;42,simple-graph-experiments-v2/phase5/line/path_life/dynamic_frames/graph_0001/path_life_0.3000/frames.csv
line,path_life,path_life_0.5000,graph_0001,60,5,30,0.5,,7,6,5;5;4;4;4;4;4,5;15;24;33;42;51,simple-graph-experiments-v2/phase5/line/path_life/dynamic_frames/graph_0001/path_life_0.5000/frames.csv
line,path_life,path_life_0.7000,graph_0001,60,5,42,0.7,,9,8,5;5;5;5;5;5;4;4;4,5;13;21;28;35;42;48;54,simple-graph-experiments-v2/phase5/line/path_life/dynamic_frames/graph_0001/path_life_0.7000/frames.csv
line,path_life,path_life_0.9000,graph_0001,60,5,54,0.9,,7,6,8;8;8;8;8;7;7,8;17;26;35;44;52,simple-graph-experiments-v2/phase5/line/path_life/dynamic_frames/graph_0001/path_life_0.9000/frames.csv
line,path_life,path_life_0.1000,graph_0002,60,5,6,0.1,,2,1,3;3,3,simple-graph-experiments-v2/phase5/line/path_life/dynamic_frames/graph_0002/path_life_0.1000/frames.csv
line,path_life,path_life_0.3000,graph_0002,60,5,18,0.3,,4,3,5;5;4;4,5;24;42,simple-graph-experiments-v2/phase5/line/path_life/dynamic_frames/graph_0002/path_life_0.3000/frames.csv
line,path_life,path_life_0.5000,graph_0002,60,5,30,0.5,,7,6,5;5;4;4;4;4;4,5;15;24;33;42;51,simple-graph-experiments-v2/phase5/line/path_life/dynamic_frames/graph_0002/path_life_0.5000/frames.csv
line,path_life,path_life_0.7000,graph_0002,60,5,42,0.7,,9,8,5;5;5;5;5;5;4;4;4,5;13;21;28;35;42;48;54,simple-graph-experiments-v2/phase5/line/path_life/dynamic_frames/graph_0002/path_life_0.7000/frames.csv
line,path_life,path_life_0.9000,graph_0002,60,5,54,0.9,,7,6,8;8;8;8;8;7;7,8;17;26;35;44;52,simple-graph-experiments-v2/phase5/line/path_life/dynamic_frames/graph_0002/path_life_0.9000/frames.csv
line,path_life,path_life_0.1000,graph_0003,60,5,6,0.1,,2,1,3;3,3,simple-graph-experiments-v2/phase5/line/path_life/dynamic_frames/graph_0003/path_life_0.1000/frames.csv
line,path_life,path_life_0.3000,graph_0003,60,5,18,0.3,,4,3,5;5;4;4,5;24;42,simple-graph-experiments-v2/phase5/line/path_life/dynamic_frames/graph_0003/path_life_0.3000/frames.csv
line,path_life,path_life_0.5000,graph_0003,60,5,30,0.5,,7,6,5;5;4;4;4;4;4,5;15;24;33;42;51,simple-graph-experiments-v2/phase5/line/path_life/dynamic_frames/graph_0003/path_life_0.5000/frames.csv
line,path_life,path_life_0.7000,graph_0003,60,5,42,0.7,,9,8,5;5;5;5;5;5;4;4;4,5;13;21;28;35;42;48;54,simple-graph-experiments-v2/phase5/line/path_life/dynamic_frames/graph_0003/path_life_0.7000/frames.csv
line,path_life,path_life_0.9000,graph_0003,60,5,54,0.9,,7,6,8;8;8;8;8;7;7,8;17;26;35;44;52,simple-graph-experiments-v2/phase5/line/path_life/dynamic_frames/graph_0003/path_life_0.9000/frames.csv
line,path_life,path_life_0.1000,graph_0004,60,5,6,0.1,,2,1,3;3,3,simple-graph-experiments-v2/phase5/line/path_life/dynamic_frames/graph_0004/path_life_0.1000/frames.csv
line,path_life,path_life_0.3000,graph_0004,60,5,18,0.3,,4,3,5;5;4;4,5;24;42,simple-graph-experiments-v2/phase5/line/path_life/dynamic_frames/graph_0004/path_life_0.3000/frames.csv
line,path_life,path_life_0.5000,graph_0004,60,5,30,0.5,,7,6,5;5;4;4;4;4;4,5;15;24;33;42;51,simple-graph-experiments-v2/phase5/line/path_life/dynamic_frames/graph_0004/path_life_0.5000/frames.csv
line,path_life,path_life_0.7000,graph_0004,60,5,42,0.7,,9,8,5;5;5;5;5;5;4;4;4,5;13;21;28;35;42;48;54,simple-graph-experiments-v2/phase5/line/path_life/dynamic_frames/graph_0004/path_life_0.7000/frames.csv
line,path_life,path_life_0.9000,graph_0004,60,5,54,0.9,,7,6,8;8;8;8;8;7;7,8;17;26;35;44;52,simple-graph-experiments-v2/phase5/line/path_life/dynamic_frames/graph_0004/path_life_0.9000/frames.csv
line,path_life,path_life_0.1000,graph_0005,60,5,6,0.1,,2,1,3;3,3,simple-graph-experiments-v2/phase5/line/path_life/dynamic_frames/graph_0005/path_life_0.1000/frames.csv
line,path_life,path_life_0.3000,graph_0005,60,5,18,0.3,,4,3,5;5;4;4,5;24;42,simple-graph-experiments-v2/phase5/line/path_life/dynamic_frames/graph_0005/path_life_0.3000/frames.csv
line,path_life,path_life_0.5000,graph_0005,60,5,30,0.5,,7,6,5;5;4;4;4;4;4,5;15;24;33;42;51,simple-graph-experiments-v2/phase5/line/path_life/dynamic_frames/graph_0005/path_life_0.5000/frames.csv
line,path_life,path_life_0.7000,graph_0005,60,5,42,0.7,,9,8,5;5;5;5;5;5;4;4;4,5;13;21;28;35;42;48;54,simple-graph-experiments-v2/phase5/line/path_life/dynamic_frames/graph_0005/path_life_0.7000/frames.csv
line,path_life,path_life_0.9000,graph_0005,60,5,54,0.9,,7,6,8;8;8;8;8;7;7,8;17;26;35;44;52,simple-graph-experiments-v2/phase5/line/path_life/dynamic_frames/graph_0005/path_life_0.9000/frames.csv
line,stability,stability_0.0000,graph_0001,60,5,30,0.5,,30,29,1;1;1;1;1;1;1;1;1;1;1;1;1;1;1;1;1;1;1;1;1;1;1;1;1;1;1;1;1;1,1;4;6;8;10;12;14;16;18;20;22;24;26;28;30;32;34;36;38;40;42;44;46;48;50;52;54;56;58,simple-graph-experiments-v2/phase5/line/stability/dynamic_frames/graph_0001/stability_0.0000/frames.csv
line,stability,stability_0.2000,graph_0001,60,5,30,0.5,,24,23,2;2;2;2;2;2;1;1;1;1;1;1;1;1;1;1;1;1;1;1;1;1;1;1,2;6;10;14;18;22;25;28;30;32;34;36;38;40;42;44;46;48;50;52;54;56;58,simple-graph-experiments-v2/phase5/line/stability/dynamic_frames/graph_0001/stability_0.2000/frames.csv
line,stability,stability_0.4000,graph_0001,60,5,30,0.5,,18,17,2;2;2;2;2;2;2;2;2;2;2;2;1;1;1;1;1;1,2;6;10;14;18;22;26;30;34;38;42;46;49;52;54;56;58,simple-graph-experiments-v2/phase5/line/stability/dynamic_frames/graph_0001/stability_0.4000/frames.csv
line,stability,stability_0.6000,graph_0001,60,5,30,0.5,,13,12,3;3;3;3;2;2;2;2;2;2;2;2;2,3;9;15;21;26;31;36;40;44;48;52;56,simple-graph-experiments-v2/phase5/line/stability/dynamic_frames/graph_0001/stability_0.6000/frames.csv
line,stability,stability_0.8000,graph_0001,60,5,30,0.5,,7,6,5;5;4;4;4;4;4,5;15;24;33;42;51,simple-graph-experiments-v2/phase5/line/stability/dynamic_frames/graph_0001/stability_0.8000/frames.csv
line,stability,stability_0.0000,graph_0002,60,5,30,0.5,,30,29,1;1;1;1;1;1;1;1;1;1;1;1;1;1;1;1;1;1;1;1;1;1;1;1;1;1;1;1;1;1,1;4;6;8;10;12;14;16;18;20;22;24;26;28;30;32;34;36;38;40;42;44;46;48;50;52;54;56;58,simple-graph-experiments-v2/phase5/line/stability/dynamic_frames/graph_0002/stability_0.0000/frames.csv
line,stability,stability_0.2000,graph_0002,60,5,30,0.5,,24,23,2;2;2;2;2;2;1;1;1;1;1;1;1;1;1;1;1;1;1;1;1;1;1;1,2;6;10;14;18;22;25;28;30;32;34;36;38;40;42;44;46;48;50;52;54;56;58,simple-graph-experiments-v2/phase5/line/stability/dynamic_frames/graph_0002/stability_0.2000/frames.csv
line,stability,stability_0.4000,graph_0002,60,5,30,0.5,,18,17,2;2;2;2;2;2;2;2;2;2;2;2;1;1;1;1;1;1,2;6;10;14;18;22;26;30;34;38;42;46;49;52;54;56;58,simple-graph-experiments-v2/phase5/line/stability/dynamic_frames/graph_0002/stability_0.4000/frames.csv
line,stability,stability_0.6000,graph_0002,60,5,30,0.5,,13,12,3;3;3;3;2;2;2;2;2;2;2;2;2,3;9;15;21;26;31;36;40;44;48;52;56,simple-graph-experiments-v2/phase5/line/stability/dynamic_frames/graph_0002/stability_0.6000/frames.csv
line,stability,stability_0.8000,graph_0002,60,5,30,0.5,,7,6,5;5;4;4;4;4;4,5;15;24;33;42;51,simple-graph-experiments-v2/phase5/line/stability/dynamic_frames/graph_0002/stability_0.8000/frames.csv
line,stability,stability_0.0000,graph_0003,60,5,30,0.5,,30,29,1;1;1;1;1;1;1;1;1;1;1;1;1;1;1;1;1;1;1;1;1;1;1;1;1;1;1;1;1;1,1;4;6;8;10;12;14;16;18;20;22;24;26;28;30;32;34;36;38;40;42;44;46;48;50;52;54;56;58,simple-graph-experiments-v2/phase5/line/stability/dynamic_frames/graph_0003/stability_0.0000/frames.csv
line,stability,stability_0.2000,graph_0003,60,5,30,0.5,,24,23,2;2;2;2;2;2;1;1;1;1;1;1;1;1;1;1;1;1;1;1;1;1;1;1,2;6;10;14;18;22;25;28;30;32;34;36;38;40;42;44;46;48;50;52;54;56;58,simple-graph-experiments-v2/phase5/line/stability/dynamic_frames/graph_0003/stability_0.2000/frames.csv
line,stability,stability_0.4000,graph_0003,60,5,30,0.5,,18,17,2;2;2;2;2;2;2;2;2;2;2;2;1;1;1;1;1;1,2;6;10;14;18;22;26;30;34;38;42;46;49;52;54;56;58,simple-graph-experiments-v2/phase5/line/stability/dynamic_frames/graph_0003/stability_0.4000/frames.csv
line,stability,stability_0.6000,graph_0003,60,5,30,0.5,,13,12,3;3;3;3;2;2;2;2;2;2;2;2;2,3;9;15;21;26;31;36;40;44;48;52;56,simple-graph-experiments-v2/phase5/line/stability/dynamic_frames/graph_0003/stability_0.6000/frames.csv
line,stability,stability_0.8000,graph_0003,60,5,30,0.5,,7,6,5;5;4;4;4;4;4,5;15;24;33;42;51,simple-graph-experiments-v2/phase5/line/stability/dynamic_frames/graph_0003/stability_0.8000/frames.csv
line,stability,stability_0.0000,graph_0004,60,5,30,0.5,,30,29,1;1;1;1;1;1;1;1;1;1;1;1;1;1;1;1;1;1;1;1;1;1;1;1;1;1;1;1;1;1,1;4;6;8;10;12;14;16;18;20;22;24;26;28;30;32;34;36;38;40;42;44;46;48;50;52;54;56;58,simple-graph-experiments-v2/phase5/line/stability/dynamic_frames/graph_0004/stability_0.0000/frames.csv
line,stability,stability_0.2000,graph_0004,60,5,30,0.5,,24,23,2;2;2;2;2;2;1;1;1;1;1;1;1;1;1;1;1;1;1;1;1;1;1;1,2;6;10;14;18;22;25;28;30;32;34;36;38;40;42;44;46;48;50;52;54;56;58,simple-graph-experiments-v2/phase5/line/stability/dynamic_frames/graph_0004/stability_0.2000/frames.csv
line,stability,stability_0.4000,graph_0004,60,5,30,0.5,,18,17,2;2;2;2;2;2;2;2;2;2;2;2;1;1;1;1;1;1,2;6;10;14;18;22;26;30;34;38;42;46;49;52;54;56;58,simple-graph-experiments-v2/phase5/line/stability/dynamic_frames/graph_0004/stability_0.4000/frames.csv
line,stability,stability_0.6000,graph_0004,60,5,30,0.5,,13,12,3;3;3;3;2;2;2;2;2;2;2;2;2,3;9;15;21;26;31;36;40;44;48;52;56,simple-graph-experiments-v2/phase5/line/stability/dynamic_frames/graph_0004/stability_0.6000/frames.csv
line,stability,stability_0.8000,graph_0004,60,5,30,0.5,,7,6,5;5;4;4;4;4;4,5;15;24;33;42;51,simple-graph-experiments-v2/phase5/line/stability/dynamic_frames/graph_0004/stability_0.8000/frames.csv
line,stability,stability_0.0000,graph_0005,60,5,30,0.5,,30,29,1;1;1;1;1;1;1;1;1;1;1;1;1;1;1;1;1;1;1;1;1;1;1;1;1;1;1;1;1;1,1;4;6;8;10;12;14;16;18;20;22;24;26;28;30;32;34;36;38;40;42;44;46;48;50;52;54;56;58,simple-graph-experiments-v2/phase5/line/stability/dynamic_frames/graph_0005/stability_0.0000/frames.csv
line,stability,stability_0.2000,graph_0005,60,5,30,0.5,,24,23,2;2;2;2;2;2;1;1;1;1;1;1;1;1;1;1;1;1;1;1;1;1;1;1,2;6;10;14;18;22;25;28;30;32;34;36;38;40;42;44;46;48;50;52;54;56;58,simple-graph-experiments-v2/phase5/line/stability/dynamic_frames/graph_0005/stability_0.2000/frames.csv
line,stability,stability_0.4000,graph_0005,60,5,30,0.5,,18,17,2;2;2;2;2;2;2;2;2;2;2;2;1;1;1;1;1;1,2;6;10;14;18;22;26;30;34;38;42;46;49;52;54;56;58,simple-graph-experiments-v2/phase5/line/stability/dynamic_frames/graph_0005/stability_0.4000/frames.csv
line,stability,stability_0.6000,graph_0005,60,5,30,0.5,,13,12,3;3;3;3;2;2;2;2;2;2;2;2;2,3;9;15;21;26;31;36;40;44;48;52;56,simple-graph-experiments-v2/phase5/line/stability/dynamic_frames/graph_0005/stability_0.6000/frames.csv
line,stability,stability_0.8000,graph_0005,60,5,30,0.5,,7,6,5;5;4;4;4;4;4,5;15;24;33;42;51,simple-graph-experiments-v2/phase5/line/stability/dynamic_frames/graph_0005/stability_0.8000/frames.csv
ladder,pathPersistency,pathPersistency_0.0000,graph_0001,60,8,30,0.5,,7,6,5;5;4;4;4;4;4,5;15;24;33;42;51,simple-graph-experiments-v2/phase5/ladder/pathPersistency/dynamic_frames/graph_0001/pathPersistency_0.0000/frames.csv
ladder,pathPersistency,pathPersistency_0.2500,graph_0001,60,8,30,0.5,,7,6,5;5;4;4;4;4;4,5;15;24;33;42;51,simple-graph-experiments-v2/phase5/ladder/pathPersistency/dynamic_frames/graph_0001/pathPersistency_0.2500/frames.csv
ladder,pathPersistency,pathPersistency_0.5000,graph_0001,60,8,30,0.5,,7,6,5;5;4;4;4;4;4,5;15;24;33;42;51,simple-graph-experiments-v2/phase5/ladder/pathPersistency/dynamic_frames/graph_0001/pathPersistency_0.5000/frames.csv
ladder,pathPersistency,pathPersistency_0.7500,graph_0001,60,8,30,0.5,,7,6,5;5;4;4;4;4;4,5;15;24;33;42;51,simple-graph-experiments-v2/phase5/ladder/pathPersistency/dynamic_frames/graph_0001/pathPersistency_0.7500/frames.csv
ladder,pathPersistency,pathPersistency_1.0000,graph_0001,60,8,30,0.5,,7,6,5;5;4;4;4;4;4,5;15;24;33;42;51,simple-graph-experiments-v2/phase5/ladder/pathPersistency/dynamic_frames/graph_0001/pathPersistency_1.0000/frames.csv
ladder,pathPersistency,pathPersistency_0.0000,graph_0002,60,8,30,0.5,,7,6,5;5;4;4;4;4;4,5;15;24;33;42;51,simple-graph-experiments-v2/phase5/ladder/pathPersistency/dynamic_frames/graph_0002/pathPersistency_0.0000/frames.csv
ladder,pathPersistency,pathPersistency_0.2500,graph_0002,60,8,30,0.5,,7,6,5;5;4;4;4;4;4,5;15;24;33;42;51,simple-graph-experiments-v2/phase5/ladder/pathPersistency/dynamic_frames/graph_0002/pathPersistency_0.2500/frames.csv
ladder,pathPersistency,pathPersistency_0.5000,graph_0002,60,8,30,0.5,,7,6,5;5;4;4;4;4;4,5;15;24;33;42;51,simple-graph-experiments-v2/phase5/ladder/pathPersistency/dynamic_frames/graph_0002/pathPersistency_0.5000/frames.csv
ladder,pathPersistency,pathPersistency_0.7500,graph_0002,60,8,30,0.5,,7,6,5;5;4;4;4;4;4,5;15;24;33;42;51,simple-graph-experiments-v2/phase5/ladder/pathPersistency/dynamic_frames/graph_0002/pathPersistency_0.7500/frames.csv
ladder,pathPersistency,pathPersistency_1.0000,graph_0002,60,8,30,0.5,,7,6,5;5;4;4;4;4;4,5;15;24;33;42;51,simple-graph-experiments-v2/phase5/ladder/pathPersistency/dynamic_frames/graph_0002/pathPersistency_1.0000/frames.csv
ladder,pathPersistency,pathPersistency_0.0000,graph_0003,60,8,30,0.5,,7,6,5;5;4;4;4;4;4,5;15;24;33;42;51,simple-graph-experiments-v2/phase5/ladder/pathPersistency/dynamic_frames/graph_0003/pathPersistency_0.0000/frames.csv
ladder,pathPersistency,pathPersistency_0.2500,graph_0003,60,8,30,0.5,,7,6,5;5;4;4;4;4;4,5;15;24;33;42;51,simple-graph-experiments-v2/phase5/ladder/pathPersistency/dynamic_frames/graph_0003/pathPersistency_0.2500/frames.csv
ladder,pathPersistency,pathPersistency_0.5000,graph_0003,60,8,30,0.5,,7,6,5;5;4;4;4;4;4,5;15;24;33;42;51,simple-graph-experiments-v2/phase5/ladder/pathPersistency/dynamic_frames/graph_0003/pathPersistency_0.5000/frames.csv
ladder,pathPersistency,pathPersistency_0.7500,graph_0003,60,8,30,0.5,,7,6,5;5;4;4;4;4;4,5;15;24;33;42;51,simple-graph-experiments-v2/phase5/ladder/pathPersistency/dynamic_frames/graph_0003/pathPersistency_0.7500/frames.csv
ladder,pathPersistency,pathPersistency_1.0000,graph_0003,60,8,30,0.5,,7,6,5;5;4;4;4;4;4,5;15;24;33;42;51,simple-graph-experiments-v2/phase5/ladder/pathPersistency/dynamic_frames/graph_0003/pathPersistency_1.0000/frames.csv
ladder,pathPersistency,pathPersistency_0.0000,graph_0004,60,8,30,0.5,,7,6,5;5;4;4;4;4;4,5;15;24;33;42;51,simple-graph-experiments-v2/phase5/ladder/pathPersistency/dynamic_frames/graph_0004/pathPersistency_0.0000/frames.csv
ladder,pathPersistency,pathPersistency_0.2500,graph_0004,60,8,30,0.5,,7,6,5;5;4;4;4;4;4,5;15;24;33;42;51,simple-graph-experiments-v2/phase5/ladder/pathPersistency/dynamic_frames/graph_0004/pathPersistency_0.2500/frames.csv
ladder,pathPersistency,pathPersistency_0.5000,graph_0004,60,8,30,0.5,,7,6,5;5;4;4;4;4;4,5;15;24;33;42;51,simple-graph-experiments-v2/phase5/ladder/pathPersistency/dynamic_frames/graph_0004/pathPersistency_0.5000/frames.csv
ladder,pathPersistency,pathPersistency_0.7500,graph_0004,60,8,30,0.5,,7,6,5;5;4;4;4;4;4,5;15;24;33;42;51,simple-graph-experiments-v2/phase5/ladder/pathPersistency/dynamic_frames/graph_0004/pathPersistency_0.7500/frames.csv
ladder,pathPersistency,pathPersistency_1.0000,graph_0004,60,8,30,0.5,,7,6,5;5;4;4;4;4;4,5;15;24;33;42;51,simple-graph-experiments-v2/phase5/ladder/pathPersistency/dynamic_frames/graph_0004/pathPersistency_1.0000/frames.csv
ladder,pathPersistency,pathPersistency_0.0000,graph_0005,60,8,30,0.5,,7,6,5;5;4;4;4;4;4,5;15;24;33;42;51,simple-graph-experiments-v2/phase5/ladder/pathPersistency/dynamic_frames/graph_0005/pathPersistency_0.0000/frames.csv
ladder,pathPersistency,pathPersistency_0.2500,graph_0005,60,8,30,0.5,,7,6,5;5;4;4;4;4;4,5;15;24;33;42;51,simple-graph-experiments-v2/phase5/ladder/pathPersistency/dynamic_frames/graph_0005/pathPersistency_0.2500/frames.csv
ladder,pathPersistency,pathPersistency_0.5000,graph_0005,60,8,30,0.5,,7,6,5;5;4;4;4;4;4,5;15;24;33;42;51,simple-graph-experiments-v2/phase5/ladder/pathPersistency/dynamic_frames/graph_0005/pathPersistency_0.5000/frames.csv
ladder,pathPersistency,pathPersistency_0.7500,graph_0005,60,8,30,0.5,,7,6,5;5;4;4;4;4;4,5;15;24;33;42;51,simple-graph-experiments-v2/phase5/ladder/pathPersistency/dynamic_frames/graph_0005/pathPersistency_0.7500/frames.csv
ladder,pathPersistency,pathPersistency_1.0000,graph_0005,60,8,30,0.5,,7,6,5;5;4;4;4;4;4,5;15;24;33;42;51,simple-graph-experiments-v2/phase5/ladder/pathPersistency/dynamic_frames/graph_0005/pathPersistency_1.0000/frames.csv
ladder,path_life,path_life_0.1000,graph_0001,60,8,6,0.1,,2,1,3;3,3,simple-graph-experiments-v2/phase5/ladder/path_life/dynamic_frames/graph_0001/path_life_0.1000/frames.csv
ladder,path_life,path_life_0.3000,graph_0001,60,8,18,0.3,,4,3,5;5;4;4,5;24;42,simple-graph-experiments-v2/phase5/ladder/path_life/dynamic_frames/graph_0001/path_life_0.3000/frames.csv
ladder,path_life,path_life_0.5000,graph_0001,60,8,30,0.5,,7,6,5;5;4;4;4;4;4,5;15;24;33;42;51,simple-graph-experiments-v2/phase5/ladder/path_life/dynamic_frames/graph_0001/path_life_0.5000/frames.csv
ladder,path_life,path_life_0.7000,graph_0001,60,8,42,0.7,,9,8,5;5;5;5;5;5;4;4;4,5;13;21;28;35;42;48;54,simple-graph-experiments-v2/phase5/ladder/path_life/dynamic_frames/graph_0001/path_life_0.7000/frames.csv
ladder,path_life,path_life_0.9000,graph_0001,60,8,54,0.9,,7,6,8;8;8;8;8;7;7,8;17;26;35;44;52,simple-graph-experiments-v2/phase5/ladder/path_life/dynamic_frames/graph_0001/path_life_0.9000/frames.csv
ladder,path_life,path_life_0.1000,graph_0002,60,8,6,0.1,,2,1,3;3,3,simple-graph-experiments-v2/phase5/ladder/path_life/dynamic_frames/graph_0002/path_life_0.1000/frames.csv
ladder,path_life,path_life_0.3000,graph_0002,60,8,18,0.3,,4,3,5;5;4;4,5;24;42,simple-graph-experiments-v2/phase5/ladder/path_life/dynamic_frames/graph_0002/path_life_0.3000/frames.csv
ladder,path_life,path_life_0.5000,graph_0002,60,8,30,0.5,,7,6,5;5;4;4;4;4;4,5;15;24;33;42;51,simple-graph-experiments-v2/phase5/ladder/path_life/dynamic_frames/graph_0002/path_life_0.5000/frames.csv
ladder,path_life,path_life_0.7000,graph_0002,60,8,42,0.7,,9,8,5;5;5;5;5;5;4;4;4,5;13;21;28;35;42;48;54,simple-graph-experiments-v2/phase5/ladder/path_life/dynamic_frames/graph_0002/path_life_0.7000/frames.csv
ladder,path_life,path_life_0.9000,graph_0002,60,8,54,0.9,,7,6,8;8;8;8;8;7;7,8;17;26;35;44;52,simple-graph-experiments-v2/phase5/ladder/path_life/dynamic_frames/graph_0002/path_life_0.9000/frames.csv
ladder,path_life,path_life_0.1000,graph_0003,60,8,6,0.1,,2,1,3;3,3,simple-graph-experiments-v2/phase5/ladder/path_life/dynamic_frames/graph_0003/path_life_0.1000/frames.csv
ladder,path_life,path_life_0.3000,graph_0003,60,8,18,0.3,,4,3,5;5;4;4,5;24;42,simple-graph-experiments-v2/phase5/ladder/path_life/dynamic_frames/graph_0003/path_life_0.3000/frames.csv
ladder,path_life,path_life_0.5000,graph_0003,60,8,30,0.5,,7,6,5;5;4;4;4;4;4,5;15;24;33;42;51,simple-graph-experiments-v2/phase5/ladder/path_life/dynamic_frames/graph_0003/path_life_0.5000/frames.csv
ladder,path_life,path_life_0.7000,graph_0003,60,8,42,0.7,,9,8,5;5;5;5;5;5;4;4;4,5;13;21;28;35;42;48;54,simple-graph-experiments-v2/phase5/ladder/path_life/dynamic_frames/graph_0003/path_life_0.7000/frames.csv
ladder,path_life,path_life_0.9000,graph_0003,60,8,54,0.9,,7,6,8;8;8;8;8;7;7,8;17;26;35;44;52,simple-graph-experiments-v2/phase5/ladder/path_life/dynamic_frames/graph_0003/path_life_0.9000/frames.csv
ladder,path_life,path_life_0.1000,graph_0004,60,8,6,0.1,,2,1,3;3,3,simple-graph-experiments-v2/phase5/ladder/path_life/dynamic_frames/graph_0004/path_life_0.1000/frames.csv
ladder,path_life,path_life_0.3000,graph_0004,60,8,18,0.3,,4,3,5;5;4;4,5;24;42,simple-graph-experiments-v2/phase5/ladder/path_life/dynamic_frames/graph_0004/path_life_0.3000/frames.csv
ladder,path_life,path_life_0.5000,graph_0004,60,8,30,0.5,,7,6,5;5;4;4;4;4;4,5;15;24;33;42;51,simple-graph-experiments-v2/phase5/ladder/path_life/dynamic_frames/graph_0004/path_life_0.5000/frames.csv
ladder,path_life,path_life_0.7000,graph_0004,60,8,42,0.7,,9,8,5;5;5;5;5;5;4;4;4,5;13;21;28;35;42;48;54,simple-graph-experiments-v2/phase5/ladder/path_life/dynamic_frames/graph_0004/path_life_0.7000/frames.csv
ladder,path_life,path_life_0.9000,graph_0004,60,8,54,0.9,,7,6,8;8;8;8;8;7;7,8;17;26;35;44;52,simple-graph-experiments-v2/phase5/ladder/path_life/dynamic_frames/graph_0004/path_life_0.9000/frames.csv
ladder,path_life,path_life_0.1000,graph_0005,60,8,6,0.1,,2,1,3;3,3,simple-graph-experiments-v2/phase5/ladder/path_life/dynamic_frames/graph_0005/path_life_0.1000/frames.csv
ladder,path_life,path_life_0.3000,graph_0005,60,8,18,0.3,,4,3,5;5;4;4,5;24;42,simple-graph-experiments-v2/phase5/ladder/path_life/dynamic_frames/graph_0005/path_life_0.3000/frames.csv
ladder,path_life,path_life_0.5000,graph_0005,60,8,30,0.5,,7,6,5;5;4;4;4;4;4,5;15;24;33;42;51,simple-graph-experiments-v2/phase5/ladder/path_life/dynamic_frames/graph_0005/path_life_0.5000/frames.csv
ladder,path_life,path_life_0.7000,graph_0005,60,8,42,0.7,,9,8,5;5;5;5;5;5;4;4;4,5;13;21;28;35;42;48;54,simple-graph-experiments-v2/phase5/ladder/path_life/dynamic_frames/graph_0005/path_life_0.7000/frames.csv
ladder,path_life,path_life_0.9000,graph_0005,60,8,54,0.9,,7,6,8;8;8;8;8;7;7,8;17;26;35;44;52,simple-graph-experiments-v2/phase5/ladder/path_life/dynamic_frames/graph_0005/path_life_0.9000/frames.csv
ladder,stability,stability_0.0000,graph_0001,60,8,30,0.5,,30,29,1;1;1;1;1;1;1;1;1;1;1;1;1;1;1;1;1;1;1;1;1;1;1;1;1;1;1;1;1;1,1;4;6;8;10;12;14;16;18;20;22;24;26;28;30;32;34;36;38;40;42;44;46;48;50;52;54;56;58,simple-graph-experiments-v2/phase5/ladder/stability/dynamic_frames/graph_0001/stability_0.0000/frames.csv
ladder,stability,stability_0.2000,graph_0001,60,8,30,0.5,,24,23,2;2;2;2;2;2;1;1;1;1;1;1;1;1;1;1;1;1;1;1;1;1;1;1,2;6;10;14;18;22;25;28;30;32;34;36;38;40;42;44;46;48;50;52;54;56;58,simple-graph-experiments-v2/phase5/ladder/stability/dynamic_frames/graph_0001/stability_0.2000/frames.csv
ladder,stability,stability_0.4000,graph_0001,60,8,30,0.5,,18,17,2;2;2;2;2;2;2;2;2;2;2;2;1;1;1;1;1;1,2;6;10;14;18;22;26;30;34;38;42;46;49;52;54;56;58,simple-graph-experiments-v2/phase5/ladder/stability/dynamic_frames/graph_0001/stability_0.4000/frames.csv
ladder,stability,stability_0.6000,graph_0001,60,8,30,0.5,,13,12,3;3;3;3;2;2;2;2;2;2;2;2;2,3;9;15;21;26;31;36;40;44;48;52;56,simple-graph-experiments-v2/phase5/ladder/stability/dynamic_frames/graph_0001/stability_0.6000/frames.csv
ladder,stability,stability_0.8000,graph_0001,60,8,30,0.5,,7,6,5;5;4;4;4;4;4,5;15;24;33;42;51,simple-graph-experiments-v2/phase5/ladder/stability/dynamic_frames/graph_0001/stability_0.8000/frames.csv
ladder,stability,stability_0.0000,graph_0002,60,8,30,0.5,,30,29,1;1;1;1;1;1;1;1;1;1;1;1;1;1;1;1;1;1;1;1;1;1;1;1;1;1;1;1;1;1,1;4;6;8;10;12;14;16;18;20;22;24;26;28;30;32;34;36;38;40;42;44;46;48;50;52;54;56;58,simple-graph-experiments-v2/phase5/ladder/stability/dynamic_frames/graph_0002/stability_0.0000/frames.csv
ladder,stability,stability_0.2000,graph_0002,60,8,30,0.5,,24,23,2;2;2;2;2;2;1;1;1;1;1;1;1;1;1;1;1;1;1;1;1;1;1;1,2;6;10;14;18;22;25;28;30;32;34;36;38;40;42;44;46;48;50;52;54;56;58,simple-graph-experiments-v2/phase5/ladder/stability/dynamic_frames/graph_0002/stability_0.2000/frames.csv
ladder,stability,stability_0.4000,graph_0002,60,8,30,0.5,,18,17,2;2;2;2;2;2;2;2;2;2;2;2;1;1;1;1;1;1,2;6;10;14;18;22;26;30;34;38;42;46;49;52;54;56;58,simple-graph-experiments-v2/phase5/ladder/stability/dynamic_frames/graph_0002/stability_0.4000/frames.csv
ladder,stability,stability_0.6000,graph_0002,60,8,30,0.5,,13,12,3;3;3;3;2;2;2;2;2;2;2;2;2,3;9;15;21;26;31;36;40;44;48;52;56,simple-graph-experiments-v2/phase5/ladder/stability/dynamic_frames/graph_0002/stability_0.6000/frames.csv
ladder,stability,stability_0.8000,graph_0002,60,8,30,0.5,,7,6,5;5;4;4;4;4;4,5;15;24;33;42;51,simple-graph-experiments-v2/phase5/ladder/stability/dynamic_frames/graph_0002/stability_0.8000/frames.csv
ladder,stability,stability_0.0000,graph_0003,60,8,30,0.5,,30,29,1;1;1;1;1;1;1;1;1;1;1;1;1;1;1;1;1;1;1;1;1;1;1;1;1;1;1;1;1;1,1;4;6;8;10;12;14;16;18;20;22;24;26;28;30;32;34;36;38;40;42;44;46;48;50;52;54;56;58,simple-graph-experiments-v2/phase5/ladder/stability/dynamic_frames/graph_0003/stability_0.0000/frames.csv
ladder,stability,stability_0.2000,graph_0003,60,8,30,0.5,,24,23,2;2;2;2;2;2;1;1;1;1;1;1;1;1;1;1;1;1;1;1;1;1;1;1,2;6;10;14;18;22;25;28;30;32;34;36;38;40;42;44;46;48;50;52;54;56;58,simple-graph-experiments-v2/phase5/ladder/stability/dynamic_frames/graph_0003/stability_0.2000/frames.csv
ladder,stability,stability_0.4000,graph_0003,60,8,30,0.5,,18,17,2;2;2;2;2;2;2;2;2;2;2;2;1;1;1;1;1;1,2;6;10;14;18;22;26;30;34;38;42;46;49;52;54;56;58,simple-graph-experiments-v2/phase5/ladder/stability/dynamic_frames/graph_0003/stability_0.4000/frames.csv
ladder,stability,stability_0.6000,graph_0003,60,8,30,0.5,,13,12,3;3;3;3;2;2;2;2;2;2;2;2;2,3;9;15;21;26;31;36;40;44;48;52;56,simple-graph-experiments-v2/phase5/ladder/stability/dynamic_frames/graph_0003/stability_0.6000/frames.csv
ladder,stability,stability_0.8000,graph_0003,60,8,30,0.5,,7,6,5;5;4;4;4;4;4,5;15;24;33;42;51,simple-graph-experiments-v2/phase5/ladder/stability/dynamic_frames/graph_0003/stability_0.8000/frames.csv
ladder,stability,stability_0.0000,graph_0004,60,8,30,0.5,,30,29,1;1;1;1;1;1;1;1;1;1;1;1;1;1;1;1;1;1;1;1;1;1;1;1;1;1;1;1;1;1,1;4;6;8;10;12;14;16;18;20;22;24;26;28;30;32;34;36;38;40;42;44;46;48;50;52;54;56;58,simple-graph-experiments-v2/phase5/ladder/stability/dynamic_frames/graph_0004/stability_0.0000/frames.csv
ladder,stability,stability_0.2000,graph_0004,60,8,30,0.5,,24,23,2;2;2;2;2;2;1;1;1;1;1;1;1;1;1;1;1;1;1;1;1;1;1;1,2;6;10;14;18;22;25;28;30;32;34;36;38;40;42;44;46;48;50;52;54;56;58,simple-graph-experiments-v2/phase5/ladder/stability/dynamic_frames/graph_0004/stability_0.2000/frames.csv
ladder,stability,stability_0.4000,graph_0004,60,8,30,0.5,,18,17,2;2;2;2;2;2;2;2;2;2;2;2;1;1;1;1;1;1,2;6;10;14;18;22;26;30;34;38;42;46;49;52;54;56;58,simple-graph-experiments-v2/phase5/ladder/stability/dynamic_frames/graph_0004/stability_0.4000/frames.csv
ladder,stability,stability_0.6000,graph_0004,60,8,30,0.5,,13,12,3;3;3;3;2;2;2;2;2;2;2;2;2,3;9;15;21;26;31;36;40;44;48;52;56,simple-graph-experiments-v2/phase5/ladder/stability/dynamic_frames/graph_0004/stability_0.6000/frames.csv
ladder,stability,stability_0.8000,graph_0004,60,8,30,0.5,,7,6,5;5;4;4;4;4;4,5;15;24;33;42;51,simple-graph-experiments-v2/phase5/ladder/stability/dynamic_frames/graph_0004/stability_0.8000/frames.csv
ladder,stability,stability_0.0000,graph_0005,60,8,30,0.5,,30,29,1;1;1;1;1;1;1;1;1;1;1;1;1;1;1;1;1;1;1;1;1;1;1;1;1;1;1;1;1;1,1;4;6;8;10;12;14;16;18;20;22;24;26;28;30;32;34;36;38;40;42;44;46;48;50;52;54;56;58,simple-graph-experiments-v2/phase5/ladder/stability/dynamic_frames/graph_0005/stability_0.0000/frames.csv
ladder,stability,stability_0.2000,graph_0005,60,8,30,0.5,,24,23,2;2;2;2;2;2;1;1;1;1;1;1;1;1;1;1;1;1;1;1;1;1;1;1,2;6;10;14;18;22;25;28;30;32;34;36;38;40;42;44;46;48;50;52;54;56;58,simple-graph-experiments-v2/phase5/ladder/stability/dynamic_frames/graph_0005/stability_0.2000/frames.csv
ladder,stability,stability_0.4000,graph_0005,60,8,30,0.5,,18,17,2;2;2;2;2;2;2;2;2;2;2;2;1;1;1;1;1;1,2;6;10;14;18;22;26;30;34;38;42;46;49;52;54;56;58,simple-graph-experiments-v2/phase5/ladder/stability/dynamic_frames/graph_0005/stability_0.4000/frames.csv
ladder,stability,stability_0.6000,graph_0005,60,8,30,0.5,,13,12,3;3;3;3;2;2;2;2;2;2;2;2;2,3;9;15;21;26;31;36;40;44;48;52;56,simple-graph-experiments-v2/phase5/ladder/stability/dynamic_frames/graph_0005/stability_0.6000/frames.csv
ladder,stability,stability_0.8000,graph_0005,60,8,30,0.5,,7,6,5;5;4;4;4;4;4,5;15;24;33;42;51,simple-graph-experiments-v2/phase5/ladder/stability/dynamic_frames/graph_0005/stability_0.8000/frames.csv
two-lines,pathPersistency,pathPersistency_0.0000,graph_0001,60,8,30,0.5,,7,6,5;5;4;4;4;4;4,5;15;24;33;42;51,simple-graph-experiments-v2/phase5/two-lines/pathPersistency/dynamic_frames/graph_0001/pathPersistency_0.0000/frames.csv
two-lines,pathPersistency,pathPersistency_0.2500,graph_0001,60,8,30,0.5,,7,6,5;5;4;4;4;4;4,5;15;24;33;42;51,simple-graph-experiments-v2/phase5/two-lines/pathPersistency/dynamic_frames/graph_0001/pathPersistency_0.2500/frames.csv
two-lines,pathPersistency,pathPersistency_0.5000,graph_0001,60,8,30,0.5,,7,6,5;5;4;4;4;4;4,5;15;24;33;42;51,simple-graph-experiments-v2/phase5/two-lines/pathPersistency/dynamic_frames/graph_0001/pathPersistency_0.5000/frames.csv
two-lines,pathPersistency,pathPersistency_0.7500,graph_0001,60,8,30,0.5,,7,6,5;5;4;4;4;4;4,5;15;24;33;42;51,simple-graph-experiments-v2/phase5/two-lines/pathPersistency/dynamic_frames/graph_0001/pathPersistency_0.7500/frames.csv
two-lines,pathPersistency,pathPersistency_1.0000,graph_0001,60,8,30,0.5,,7,6,5;5;4;4;4;4;4,5;15;24;33;42;51,simple-graph-experiments-v2/phase5/two-lines/pathPersistency/dynamic_frames/graph_0001/pathPersistency_1.0000/frames.csv
two-lines,pathPersistency,pathPersistency_0.0000,graph_0002,60,8,30,0.5,,7,6,5;5;4;4;4;4;4,5;15;24;33;42;51,simple-graph-experiments-v2/phase5/two-lines/pathPersistency/dynamic_frames/graph_0002/pathPersistency_0.0000/frames.csv
two-lines,pathPersistency,pathPersistency_0.2500,graph_0002,60,8,30,0.5,,7,6,5;5;4;4;4;4;4,5;15;24;33;42;51,simple-graph-experiments-v2/phase5/two-lines/pathPersistency/dynamic_frames/graph_0002/pathPersistency_0.2500/frames.csv
two-lines,pathPersistency,pathPersistency_0.5000,graph_0002,60,8,30,0.5,,7,6,5;5;4;4;4;4;4,5;15;24;33;42;51,simple-graph-experiments-v2/phase5/two-lines/pathPersistency/dynamic_frames/graph_0002/pathPersistency_0.5000/frames.csv
two-lines,pathPersistency,pathPersistency_0.7500,graph_0002,60,8,30,0.5,,7,6,5;5;4;4;4;4;4,5;15;24;33;42;51,simple-graph-experiments-v2/phase5/two-lines/pathPersistency/dynamic_frames/graph_0002/pathPersistency_0.7500/frames.csv
two-lines,pathPersistency,pathPersistency_1.0000,graph_0002,60,8,30,0.5,,7,6,5;5;4;4;4;4;4,5;15;24;33;42;51,simple-graph-experiments-v2/phase5/two-lines/pathPersistency/dynamic_frames/graph_0002/pathPersistency_1.0000/frames.csv
two-lines,pathPersistency,pathPersistency_0.0000,graph_0003,60,8,30,0.5,,7,6,5;5;4;4;4;4;4,5;15;24;33;42;51,simple-graph-experiments-v2/phase5/two-lines/pathPersistency/dynamic_frames/graph_0003/pathPersistency_0.0000/frames.csv
two-lines,pathPersistency,pathPersistency_0.2500,graph_0003,60,8,30,0.5,,7,6,5;5;4;4;4;4;4,5;15;24;33;42;51,simple-graph-experiments-v2/phase5/two-lines/pathPersistency/dynamic_frames/graph_0003/pathPersistency_0.2500/frames.csv
two-lines,pathPersistency,pathPersistency_0.5000,graph_0003,60,8,30,0.5,,7,6,5;5;4;4;4;4;4,5;15;24;33;42;51,simple-graph-experiments-v2/phase5/two-lines/pathPersistency/dynamic_frames/graph_0003/pathPersistency_0.5000/frames.csv
two-lines,pathPersistency,pathPersistency_0.7500,graph_0003,60,8,30,0.5,,7,6,5;5;4;4;4;4;4,5;15;24;33;42;51,simple-graph-experiments-v2/phase5/two-lines/pathPersistency/dynamic_frames/graph_0003/pathPersistency_0.7500/frames.csv
two-lines,pathPersistency,pathPersistency_1.0000,graph_0003,60,8,30,0.5,,7,6,5;5;4;4;4;4;4,5;15;24;33;42;51,simple-graph-experiments-v2/phase5/two-lines/pathPersistency/dynamic_frames/graph_0003/pathPersistency_1.0000/frames.csv
two-lines,pathPersistency,pathPersistency_0.0000,graph_0004,60,8,30,0.5,,7,6,5;5;4;4;4;4;4,5;15;24;33;42;51,simple-graph-experiments-v2/phase5/two-lines/pathPersistency/dynamic_frames/graph_0004/pathPersistency_0.0000/frames.csv
two-lines,pathPersistency,pathPersistency_0.2500,graph_0004,60,8,30,0.5,,7,6,5;5;4;4;4;4;4,5;15;24;33;42;51,simple-graph-experiments-v2/phase5/two-lines/pathPersistency/dynamic_frames/graph_0004/pathPersistency_0.2500/frames.csv
two-lines,pathPersistency,pathPersistency_0.5000,graph_0004,60,8,30,0.5,,7,6,5;5;4;4;4;4;4,5;15;24;33;42;51,simple-graph-experiments-v2/phase5/two-lines/pathPersistency/dynamic_frames/graph_0004/pathPersistency_0.5000/frames.csv
two-lines,pathPersistency,pathPersistency_0.7500,graph_0004,60,8,30,0.5,,7,6,5;5;4;4;4;4;4,5;15;24;33;42;51,simple-graph-experiments-v2/phase5/two-lines/pathPersistency/dynamic_frames/graph_0004/pathPersistency_0.7500/frames.csv
two-lines,pathPersistency,pathPersistency_1.0000,graph_0004,60,8,30,0.5,,7,6,5;5;4;4;4;4;4,5;15;24;33;42;51,simple-graph-experiments-v2/phase5/two-lines/pathPersistency/dynamic_frames/graph_0004/pathPersistency_1.0000/frames.csv
two-lines,pathPersistency,pathPersistency_0.0000,graph_0005,60,8,30,0.5,,7,6,5;5;4;4;4;4;4,5;15;24;33;42;51,simple-graph-experiments-v2/phase5/two-lines/pathPersistency/dynamic_frames/graph_0005/pathPersistency_0.0000/frames.csv
two-lines,pathPersistency,pathPersistency_0.2500,graph_0005,60,8,30,0.5,,7,6,5;5;4;4;4;4;4,5;15;24;33;42;51,simple-graph-experiments-v2/phase5/two-lines/pathPersistency/dynamic_frames/graph_0005/pathPersistency_0.2500/frames.csv
two-lines,pathPersistency,pathPersistency_0.5000,graph_0005,60,8,30,0.5,,7,6,5;5;4;4;4;4;4,5;15;24;33;42;51,simple-graph-experiments-v2/phase5/two-lines/pathPersistency/dynamic_frames/graph_0005/pathPersistency_0.5000/frames.csv
two-lines,pathPersistency,pathPersistency_0.7500,graph_0005,60,8,30,0.5,,7,6,5;5;4;4;4;4;4,5;15;24;33;42;51,simple-graph-experiments-v2/phase5/two-lines/pathPersistency/dynamic_frames/graph_0005/pathPersistency_0.7500/frames.csv
two-lines,pathPersistency,pathPersistency_1.0000,graph_0005,60,8,30,0.5,,7,6,5;5;4;4;4;4;4,5;15;24;33;42;51,simple-graph-experiments-v2/phase5/two-lines/pathPersistency/dynamic_frames/graph_0005/pathPersistency_1.0000/frames.csv
two-lines,path_life,path_life_0.1000,graph_0001,60,8,6,0.1,,2,1,3;3,3,simple-graph-experiments-v2/phase5/two-lines/path_life/dynamic_frames/graph_0001/path_life_0.1000/frames.csv
two-lines,path_life,path_life_0.3000,graph_0001,60,8,18,0.3,,4,3,5;5;4;4,5;24;42,simple-graph-experiments-v2/phase5/two-lines/path_life/dynamic_frames/graph_0001/path_life_0.3000/frames.csv
two-lines,path_life,path_life_0.5000,graph_0001,60,8,30,0.5,,7,6,5;5;4;4;4;4;4,5;15;24;33;42;51,simple-graph-experiments-v2/phase5/two-lines/path_life/dynamic_frames/graph_0001/path_life_0.5000/frames.csv
two-lines,path_life,path_life_0.7000,graph_0001,60,8,42,0.7,,9,8,5;5;5;5;5;5;4;4;4,5;13;21;28;35;42;48;54,simple-graph-experiments-v2/phase5/two-lines/path_life/dynamic_frames/graph_0001/path_life_0.7000/frames.csv
two-lines,path_life,path_life_0.9000,graph_0001,60,8,54,0.9,,7,6,8;8;8;8;8;7;7,8;17;26;35;44;52,simple-graph-experiments-v2/phase5/two-lines/path_life/dynamic_frames/graph_0001/path_life_0.9000/frames.csv
two-lines,path_life,path_life_0.1000,graph_0002,60,8,6,0.1,,2,1,3;3,3,simple-graph-experiments-v2/phase5/two-lines/path_life/dynamic_frames/graph_0002/path_life_0.1000/frames.csv
two-lines,path_life,path_life_0.3000,graph_0002,60,8,18,0.3,,4,3,5;5;4;4,5;24;42,simple-graph-experiments-v2/phase5/two-lines/path_life/dynamic_frames/graph_0002/path_life_0.3000/frames.csv
two-lines,path_life,path_life_0.5000,graph_0002,60,8,30,0.5,,7,6,5;5;4;4;4;4;4,5;15;24;33;42;51,simple-graph-experiments-v2/phase5/two-lines/path_life/dynamic_frames/graph_0002/path_life_0.5000/frames.csv
two-lines,path_life,path_life_0.7000,graph_0002,60,8,42,0.7,,9,8,5;5;5;5;5;5;4;4;4,5;13;21;28;35;42;48;54,simple-graph-experiments-v2/phase5/two-lines/path_life/dynamic_frames/graph_0002/path_life_0.7000/frames.csv
two-lines,path_life,path_life_0.9000,graph_0002,60,8,54,0.9,,7,6,8;8;8;8;8;7;7,8;17;26;35;44;52,simple-graph-experiments-v2/phase5/two-lines/path_life/dynamic_frames/graph_0002/path_life_0.9000/frames.csv
two-lines,path_life,path_life_0.1000,graph_0003,60,8,6,0.1,,2,1,3;3,3,simple-graph-experiments-v2/phase5/two-lines/path_life/dynamic_frames/graph_0003/path_life_0.1000/frames.csv
two-lines,path_life,path_life_0.3000,graph_0003,60,8,18,0.3,,4,3,5;5;4;4,5;24;42,simple-graph-experiments-v2/phase5/two-lines/path_life/dynamic_frames/graph_0003/path_life_0.3000/frames.csv
two-lines,path_life,path_life_0.5000,graph_0003,60,8,30,0.5,,7,6,5;5;4;4;4;4;4,5;15;24;33;42;51,simple-graph-experiments-v2/phase5/two-lines/path_life/dynamic_frames/graph_0003/path_life_0.5000/frames.csv
two-lines,path_life,path_life_0.7000,graph_0003,60,8,42,0.7,,9,8,5;5;5;5;5;5;4;4;4,5;13;21;28;35;42;48;54,simple-graph-experiments-v2/phase5/two-lines/path_life/dynamic_frames/graph_0003/path_life_0.7000/frames.csv
two-lines,path_life,path_life_0.9000,graph_0003,60,8,54,0.9,,7,6,8;8;8;8;8;7;7,8;17;26;35;44;52,simple-graph-experiments-v2/phase5/two-lines/path_life/dynamic_frames/graph_0003/path_life_0.9000/frames.csv
two-lines,path_life,path_life_0.1000,graph_0004,60,8,6,0.1,,2,1,3;3,3,simple-graph-experiments-v2/phase5/two-lines/path_life/dynamic_frames/graph_0004/path_life_0.1000/frames.csv
two-lines,path_life,path_life_0.3000,graph_0004,60,8,18,0.3,,4,3,5;5;4;4,5;24;42,simple-graph-experiments-v2/phase5/two-lines/path_life/dynamic_frames/graph_0004/path_life_0.3000/frames.csv
two-lines,path_life,path_life_0.5000,graph_0004,60,8,30,0.5,,7,6,5;5;4;4;4;4;4,5;15;24;33;42;51,simple-graph-experiments-v2/phase5/two-lines/path_life/dynamic_frames/graph_0004/path_life_0.5000/frames.csv
two-lines,path_life,path_life_0.7000,graph_0004,60,8,42,0.7,,9,8,5;5;5;5;5;5;4;4;4,5;13;21;28;35;42;48;54,simple-graph-experiments-v2/phase5/two-lines/path_life/dynamic_frames/graph_0004/path_life_0.7000/frames.csv
two-lines,path_life,path_life_0.9000,graph_0004,60,8,54,0.9,,7,6,8;8;8;8;8;7;7,8;17;26;35;44;52,simple-graph-experiments-v2/phase5/two-lines/path_life/dynamic_frames/graph_0004/path_life_0.9000/frames.csv
two-lines,path_life,path_life_0.1000,graph_0005,60,8,6,0.1,,2,1,3;3,3,simple-graph-experiments-v2/phase5/two-lines/path_life/dynamic_frames/graph_0005/path_life_0.1000/frames.csv
two-lines,path_life,path_life_0.3000,graph_0005,60,8,18,0.3,,4,3,5;5;4;4,5;24;42,simple-graph-experiments-v2/phase5/two-lines/path_life/dynamic_frames/graph_0005/path_life_0.3000/frames.csv
two-lines,path_life,path_life_0.5000,graph_0005,60,8,30,0.5,,7,6,5;5;4;4;4;4;4,5;15;24;33;42;51,simple-graph-experiments-v2/phase5/two-lines/path_life/dynamic_frames/graph_0005/path_life_0.5000/frames.csv
two-lines,path_life,path_life_0.7000,graph_0005,60,8,42,0.7,,9,8,5;5;5;5;5;5;4;4;4,5;13;21;28;35;42;48;54,simple-graph-experiments-v2/phase5/two-lines/path_life/dynamic_frames/graph_0005/path_life_0.7000/frames.csv
two-lines,path_life,path_life_0.9000,graph_0005,60,8,54,0.9,,7,6,8;8;8;8;8;7;7,8;17;26;35;44;52,simple-graph-experiments-v2/phase5/two-lines/path_life/dynamic_frames/graph_0005/path_life_0.9000/frames.csv
two-lines,stability,stability_0.0000,graph_0001,60,8,30,0.5,,30,29,1;1;1;1;1;1;1;1;1;1;1;1;1;1;1;1;1;1;1;1;1;1;1;1;1;1;1;1;1;1,1;4;6;8;10;12;14;16;18;20;22;24;26;28;30;32;34;36;38;40;42;44;46;48;50;52;54;56;58,simple-graph-experiments-v2/phase5/two-lines/stability/dynamic_frames/graph_0001/stability_0.0000/frames.csv
two-lines,stability,stability_0.2000,graph_0001,60,8,30,0.5,,24,23,2;2;2;2;2;2;1;1;1;1;1;1;1;1;1;1;1;1;1;1;1;1;1;1,2;6;10;14;18;22;25;28;30;32;34;36;38;40;42;44;46;48;50;52;54;56;58,simple-graph-experiments-v2/phase5/two-lines/stability/dynamic_frames/graph_0001/stability_0.2000/frames.csv
two-lines,stability,stability_0.4000,graph_0001,60,8,30,0.5,,18,17,2;2;2;2;2;2;2;2;2;2;2;2;1;1;1;1;1;1,2;6;10;14;18;22;26;30;34;38;42;46;49;52;54;56;58,simple-graph-experiments-v2/phase5/two-lines/stability/dynamic_frames/graph_0001/stability_0.4000/frames.csv
two-lines,stability,stability_0.6000,graph_0001,60,8,30,0.5,,13,12,3;3;3;3;2;2;2;2;2;2;2;2;2,3;9;15;21;26;31;36;40;44;48;52;56,simple-graph-experiments-v2/phase5/two-lines/stability/dynamic_frames/graph_0001/stability_0.6000/frames.csv
two-lines,stability,stability_0.8000,graph_0001,60,8,30,0.5,,7,6,5;5;4;4;4;4;4,5;15;24;33;42;51,simple-graph-experiments-v2/phase5/two-lines/stability/dynamic_frames/graph_0001/stability_0.8000/frames.csv
two-lines,stability,stability_0.0000,graph_0002,60,8,30,0.5,,30,29,1;1;1;1;1;1;1;1;1;1;1;1;1;1;1;1;1;1;1;1;1;1;1;1;1;1;1;1;1;1,1;4;6;8;10;12;14;16;18;20;22;24;26;28;30;32;34;36;38;40;42;44;46;48;50;52;54;56;58,simple-graph-experiments-v2/phase5/two-lines/stability/dynamic_frames/graph_0002/stability_0.0000/frames.csv
two-lines,stability,stability_0.2000,graph_0002,60,8,30,0.5,,24,23,2;2;2;2;2;2;1;1;1;1;1;1;1;1;1;1;1;1;1;1;1;1;1;1,2;6;10;14;18;22;25;28;30;32;34;36;38;40;42;44;46;48;50;52;54;56;58,simple-graph-experiments-v2/phase5/two-lines/stability/dynamic_frames/graph_0002/stability_0.2000/frames.csv
two-lines,stability,stability_0.4000,graph_0002,60,8,30,0.5,,18,17,2;2;2;2;2;2;2;2;2;2;2;2;1;1;1;1;1;1,2;6;10;14;18;22;26;30;34;38;42;46;49;52;54;56;58,simple-graph-experiments-v2/phase5/two-lines/stability/dynamic_frames/graph_0002/stability_0.4000/frames.csv
two-lines,stability,stability_0.6000,graph_0002,60,8,30,0.5,,13,12,3;3;3;3;2;2;2;2;2;2;2;2;2,3;9;15;21;26;31;36;40;44;48;52;56,simple-graph-experiments-v2/phase5/two-lines/stability/dynamic_frames/graph_0002/stability_0.6000/frames.csv
two-lines,stability,stability_0.8000,graph_0002,60,8,30,0.5,,7,6,5;5;4;4;4;4;4,5;15;24;33;42;51,simple-graph-experiments-v2/phase5/two-lines/stability/dynamic_frames/graph_0002/stability_0.8000/frames.csv
two-lines,stability,stability_0.0000,graph_0003,60,8,30,0.5,,30,29,1;1;1;1;1;1;1;1;1;1;1;1;1;1;1;1;1;1;1;1;1;1;1;1;1;1;1;1;1;1,1;4;6;8;10;12;14;16;18;20;22;24;26;28;30;32;34;36;38;40;42;44;46;48;50;52;54;56;58,simple-graph-experiments-v2/phase5/two-lines/stability/dynamic_frames/graph_0003/stability_0.0000/frames.csv
two-lines,stability,stability_0.2000,graph_0003,60,8,30,0.5,,24,23,2;2;2;2;2;2;1;1;1;1;1;1;1;1;1;1;1;1;1;1;1;1;1;1,2;6;10;14;18;22;25;28;30;32;34;36;38;40;42;44;46;48;50;52;54;56;58,simple-graph-experiments-v2/phase5/two-lines/stability/dynamic_frames/graph_0003/stability_0.2000/frames.csv
two-lines,stability,stability_0.4000,graph_0003,60,8,30,0.5,,18,17,2;2;2;2;2;2;2;2;2;2;2;2;1;1;1;1;1;1,2;6;10;14;18;22;26;30;34;38;42;46;49;52;54;56;58,simple-graph-experiments-v2/phase5/two-lines/stability/dynamic_frames/graph_0003/stability_0.4000/frames.csv
two-lines,stability,stability_0.6000,graph_0003,60,8,30,0.5,,13,12,3;3;3;3;2;2;2;2;2;2;2;2;2,3;9;15;21;26;31;36;40;44;48;52;56,simple-graph-experiments-v2/phase5/two-lines/stability/dynamic_frames/graph_0003/stability_0.6000/frames.csv
two-lines,stability,stability_0.8000,graph_0003,60,8,30,0.5,,7,6,5;5;4;4;4;4;4,5;15;24;33;42;51,simple-graph-experiments-v2/phase5/two-lines/stability/dynamic_frames/graph_0003/stability_0.8000/frames.csv
two-lines,stability,stability_0.0000,graph_0004,60,8,30,0.5,,30,29,1;1;1;1;1;1;1;1;1;1;1;1;1;1;1;1;1;1;1;1;1;1;1;1;1;1;1;1;1;1,1;4;6;8;10;12;14;16;18;20;22;24;26;28;30;32;34;36;38;40;42;44;46;48;50;52;54;56;58,simple-graph-experiments-v2/phase5/two-lines/stability/dynamic_frames/graph_0004/stability_0.0000/frames.csv
two-lines,stability,stability_0.2000,graph_0004,60,8,30,0.5,,24,23,2;2;2;2;2;2;1;1;1;1;1;1;1;1;1;1;1;1;1;1;1;1;1;1,2;6;10;14;18;22;25;28;30;32;34;36;38;40;42;44;46;48;50;52;54;56;58,simple-graph-experiments-v2/phase5/two-lines/stability/dynamic_frames/graph_0004/stability_0.2000/frames.csv
two-lines,stability,stability_0.4000,graph_0004,60,8,30,0.5,,18,17,2;2;2;2;2;2;2;2;2;2;2;2;1;1;1;1;1;1,2;6;10;14;18;22;26;30;34;38;42;46;49;52;54;56;58,simple-graph-experiments-v2/phase5/two-lines/stability/dynamic_frames/graph_0004/stability_0.4000/frames.csv
two-lines,stability,stability_0.6000,graph_0004,60,8,30,0.5,,13,12,3;3;3;3;2;2;2;2;2;2;2;2;2,3;9;15;21;26;31;36;40;44;48;52;56,simple-graph-experiments-v2/phase5/two-lines/stability/dynamic_frames/graph_0004/stability_0.6000/frames.csv
two-lines,stability,stability_0.8000,graph_0004,60,8,30,0.5,,7,6,5;5;4;4;4;4;4,5;15;24;33;42;51,simple-graph-experiments-v2/phase5/two-lines/stability/dynamic_frames/graph_0004/stability_0.8000/frames.csv
two-lines,stability,stability_0.0000,graph_0005,60,8,30,0.5,,30,29,1;1;1;1;1;1;1;1;1;1;1;1;1;1;1;1;1;1;1;1;1;1;1;1;1;1;1;1;1;1,1;4;6;8;10;12;14;16;18;20;22;24;26;28;30;32;34;36;38;40;42;44;46;48;50;52;54;56;58,simple-graph-experiments-v2/phase5/two-lines/stability/dynamic_frames/graph_0005/stability_0.0000/frames.csv
two-lines,stability,stability_0.2000,graph_0005,60,8,30,0.5,,24,23,2;2;2;2;2;2;1;1;1;1;1;1;1;1;1;1;1;1;1;1;1;1;1;1,2;6;10;14;18;22;25;28;30;32;34;36;38;40;42;44;46;48;50;52;54;56;58,simple-graph-experiments-v2/phase5/two-lines/stability/dynamic_frames/graph_0005/stability_0.2000/frames.csv
two-lines,stability,stability_0.4000,graph_0005,60,8,30,0.5,,18,17,2;2;2;2;2;2;2;2;2;2;2;2;1;1;1;1;1;1,2;6;10;14;18;22;26;30;34;38;42;46;49;52;54;56;58,simple-graph-experiments-v2/phase5/two-lines/stability/dynamic_frames/graph_0005/stability_0.4000/frames.csv
two-lines,stability,stability_0.6000,graph_0005,60,8,30,0.5,,13,12,3;3;3;3;2;2;2;2;2;2;2;2;2,3;9;15;21;26;31;36;40;44;48;52;56,simple-graph-experiments-v2/phase5/two-lines/stability/dynamic_frames/graph_0005/stability_0.6000/frames.csv
two-lines,stability,stability_0.8000,graph_0005,60,8,30,0.5,,7,6,5;5;4;4;4;4;4,5;15;24;33;42;51,simple-graph-experiments-v2/phase5/two-lines/stability/dynamic_frames/graph_0005/stability_0.8000/frames.csv
