param_name,param_value,protocol,n_realizations,n_epochs,pdr_mean,pdr_std,pdr_ci95_low,pdr_ci95_high,goodput_mbps_mean,goodput_mbps_std,goodput_mbps_ci95_low,goodput_mbps_ci95_high,eed_mean_s_mean,eed_mean_s_std,eed_mean_s_ci95_low,eed_mean_s_ci95_high,routing_tx_mean,routing_tx_std,routing_tx_ci95_low,routing_tx_ci95_high,routing_efficiency_mean,routing_efficiency_std,routing_efficiency_ci95_low,routing_efficiency_ci95_high,control_packets_per_delivered_mean,control_packets_per_delivered_std,control_packets_per_delivered_ci95_low,control_packets_per_delivered_ci95_high,control_bytes_per_delivered_mean,control_bytes_per_delivered_std,control_bytes_per_delivered_ci95_low,control_bytes_per_delivered_ci95_high,oracle_uptime_ratio_mean,oracle_uptime_ratio_std,oracle_uptime_ratio_ci95_low,oracle_uptime_ratio_ci95_high,oracle_mean_up_run_s_mean,oracle_mean_up_run_s_std,oracle_mean_up_run_s_ci95_low,oracle_mean_up_run_s_ci95_high
stability,0.0,aodv,5,25,0.90877784,0.007331711201513594,0.901441662,0.9136668,0.04588544,0.00026452225312816323,0.04562484,0.046061897,75022.698,226.30929576637303,74900.84676000001,75248.728961,725.88,12.146176353075061,715.437,735.36,1.8175556,0.014663363601575193,1.802883325,1.8266667600000002,2.2190808,0.04411797428549953,2.18113652,2.25702508,107.22129328000001,2.099269187478267,105.41454236,108.89772932000001,0.5,0.0,0.5,0.5,1.0,0.0,1.0,1.0
stability,0.0,olsr,5,25,0.76833336,0.010914873531763885,0.75944448,0.777222201,0.03865816,0.0005367727772530956,0.038151359999999995,0.03906912,74775.00468000001,231.40833873945388,74569.40528,74970.59768,333.12,0.8541662601625175,332.43999999999994,333.91999999999996,1.5366666,0.021830036167079552,1.5188886799999999,1.5544445599999999,1.20509416,0.015724941388965425,1.1919428,1.21978944,79.63304788,1.0227219592550012,78.71036164,80.55153232,0.5,0.0,0.5,0.5,1.0,0.0,1.0,1.0
stability,0.0,static,5,25,0.36766668,0.000647763877967896,0.36711119999999997,0.36822212000000004,0.018873840000000003,3.338176747866981e-05,0.018845160000000003,0.01890252,74250.19720000001,29.784097952826993,74223.76308,74276.49468,0.0,0.0,0.0,0.0,0.7353332,0.0012958090106184824,0.73422204,0.73644436,0.0,0.0,0.0,0.0,0.0,0.0,0.0,0.0,0.5,0.0,0.5,0.5,1.0,0.0,1.0,1.0
stability,0.2,aodv,5,25,0.8193334,0.07214041352950508,0.75522232,0.8800000000000001,0.04134092,0.0036376754898698725,0.038114328,0.0444016,76088.85604000001,518.739571564807,75672.43804000001,76587.58248000001,735.92,18.12472344616601,720.76,751.08,1.63866668,0.14428100800222324,1.51044436,1.76000008,2.51072576,0.18121067678007927,2.35888156,2.6743155599999997,120.76321736,8.744414920921107,113.43166352,128.68530084000002,0.5,0.0,0.5,0.5,1.25,0.0,1.25,1.25
stability,0.2,olsr,5,25,0.71499996,0.011753616308455901,0.7042222,0.7247776800000001,0.03588556,0.0005898204119899578,0.03534488,0.03637676,75437.99772,237.0779648331252,75230.445209,75641.46351999999,331.48,0.8634813257969228,330.68,332.12,1.43000008,0.02350731013199082,1.4111112000000001,1.4495556,1.2896272,0.022370194177789307,1.2709195599999998,1.3102601199999997,84.94028952,1.4120507258533879,83.764193,86.22482804399999,0.5,0.0,0.5,0.5,1.25,0.0,1.25,1.25
stability,0.2,static,5,25,0.39244456,0.0006664800000000063,0.39188915999999996,0.39299996,0.020145760000000002,3.421681457996781e-05,0.020117200000000002,0.02017448,72453.66524,3.8858058405409244,72450.42420000001,72456.90628,0.0,0.0,0.0,0.0,0.78488868,0.0013334400000000264,0.78377748,0.78599988,0.0,0.0,0.0,0.0,0.0,0.0,0.0,0.0,0.5,0.0,0.5,0.5,1.25,0.0,1.25,1.25
stability,0.4,aodv,5,25,0.84511108,0.019517067225830857,0.8326665999999999,0.865,0.042643560000000004,0.0010353185743528423,0.04195832000000001,0.04370544,75544.28083999999,379.8263959645042,75218.27135999998,75858.23204,753.6800000000001,22.456571421301156,736.5120000000001,774.8399999999999,1.69022224,0.03903405998650926,1.6653333980000002,1.73000008,2.48048372,0.11063251068640526,2.37616928,2.5741355599999993,118.99004892,5.06279306859866,114.40623216700003,123.19669156,0.5,0.0,0.5,0.5,1.666667,0.0,1.666667,1.666667
stability,0.4,olsr,5,25,0.68866672,0.013243177008920472,0.67777788,0.6995861139999998,0.034564,0.0006640014698778912,0.034017618,0.03518804,74824.01547999999,153.30260250970568,74701.08712,74965.30883999998,332.24,1.2354756169184449,331.0,333.28000000000003,1.3773334,0.026486375160674588,1.35555568,1.40222228,1.34184272,0.026133776549316423,1.3198978000000001,1.3640607599999999,88.55472072,1.6558952523629562,87.17742788000001,89.93201356,0.5,0.0,0.5,0.5,1.666667,0.0,1.666667,1.666667
stability,0.4,static,5,25,0.41744456,0.0005663990875698873,0.41700023999999997,0.41799996000000006,0.02142916,2.935667556110453e-05,0.021406039999999998,0.021452359999999997,72313.17867999998,3.30215716306854,72310.58103999999,72316.40784,0.0,0.0,0.0,0.0,0.83488868,0.0011332060967008564,0.8339997199999999,0.8359998799999999,0.0,0.0,0.0,0.0,0.0,0.0,0.0,0.0,0.5,0.0,0.5,0.5,1.666667,0.0,1.666667,1.666667
stability,0.6,aodv,5,25,0.8142222,0.02941318785443017,0.79033332,0.8424444399999999,0.04254772,0.002011197882258232,0.04087948,0.044448413,74022.09624,610.5578736576657,73544.01647999999,74585.3118,688.56,22.80224550345864,672.2,710.8,1.6284444399999998,0.05882638507709265,1.58066668,1.68311112,2.36562164,0.1436831128919692,2.2336794400000004,2.4854612,113.466411,6.753520975665232,107.23305572,119.09075364,0.5,0.0,0.5,0.5,2.307692,0.0,2.307692,2.3076919999999994
stability,0.6,olsr,5,25,0.61011112,0.022639047619049717,0.5934443199999999,0.63188912,0.03062124,0.0011366544551445696,0.02972296,0.031714719999999995,75102.28831999999,985.61364506981,74144.63123999999,75830.04496,330.36,1.2092973166264753,329.36,331.4,1.22022232,0.04527777484401811,1.1868889599999999,1.26377788,1.509768,0.05767665382513103,1.457558656,1.55297772,99.66092324,3.717438902327444,96.14828424,102.46570895999999,0.5,0.0,0.5,0.5,2.307692,0.0,2.307692,2.3076919999999994
stability,0.6,static,5,25,0.444444,0.0,0.444444,0.444444,0.02230628,4.4899888641249366e-07,0.02230588,0.022306680000000002,73550.90492,0.00851784010266909,73550.89712000001,73550.9118,0.0,0.0,0.0,0.0,0.888889,0.0,0.888889,0.888889,0.0,0.0,0.0,0.0,0.0,0.0,0.0,0.0,0.5,0.0,0.5,0.5,2.307692,0.0,2.307692,2.3076919999999994
stability,0.8,aodv,5,25,0.68333348,0.042778503947772634,0.6478889999999999,0.71955568,0.0366682,0.002800425062021835,0.03400288,0.03862336,75781.2404,4643.843780693282,71296.21399999999,79548.74247999999,637.0,7.29712272063448,630.5600000000001,644.0,1.36666656,0.0855569855580618,1.29577768,1.439111,2.59899928,0.14722600615927067,2.47919184,2.72603668,124.74168804000001,7.133333248436837,118.85393532,130.8771408,0.5,0.0,0.5,0.5,4.285714,0.0,4.285714,4.285714
stability,0.8,olsr,5,25,0.54711116,0.06050440976502786,0.49244456000000003,0.59300004,0.02802692,0.0033436940281072365,0.02482624,0.03054232,73788.90732,1451.033415321105,72310.20520000001,74994.70876,327.91999999999996,1.7825823964125715,326.64,329.56,1.0942222000000001,0.12100898311725455,0.97199992,1.1860000400000001,1.69395988,0.21534257618845745,1.54446108,1.8977978,111.58988524000002,14.084175325948499,101.363535,125.41116796000001,0.5,0.0,0.5,0.5,4.285714,0.0,4.285714,4.285714
stability,0.8,static,5,25,0.466667,0.0,0.466667,0.466667,0.0234216,3.999999999997061e-07,0.023421240000000003,0.023421920000000002,73106.6978,0.00702794422623123,73106.69208,73106.70384,0.0,0.0,0.0,0.0,0.933333,0.0,0.933333,0.933333,0.0,0.0,0.0,0.0,0.0,0.0,0.0,0.0,0.5,0.0,0.5,0.5,4.285714,0.0,4.285714,4.285714
