param_name,param_value,source,destination,requested_path_life,requested_stability,requested_path_persistency,frames,up_frames,uptime_ratio,up_runs,mean_up_run_frames,max_up_run_frames,down_runs,path_identity_retention,route_changes,distinct_routes
stability,0.4,S,R,0.5,0.4,0.75,60,30,0.5,18,1.6666666666666667,2,17,nan,0,1
stability,0.2,S,R,0.5,0.2,0.75,60,30,0.5,24,1.25,2,23,nan,0,1
stability,0.6,S,R,0.5,0.6,0.75,60,30,0.5,13,2.3076923076923075,3,12,nan,0,1
stability,0.8,S,R,0.5,0.8,0.75,60,30,0.5,7,4.285714285714286,5,6,nan,0,1
stability,0.0,S,R,0.5,0.0,0.75,60,30,0.5,30,1.0,1,29,nan,0,1
stability,0.4,S,R,0.5,0.4,0.75,60,30,0.5,18,1.6666666666666667,2,17,nan,0,1
stability,0.2,S,R,0.5,0.2,0.75,60,30,0.5,24,1.25,2,23,nan,0,1
stability,0.6,S,R,0.5,0.6,0.75,60,30,0.5,13,2.3076923076923075,3,12,nan,0,1
stability,0.8,S,R,0.5,0.8,0.75,60,30,0.5,7,4.285714285714286,5,6,nan,0,1
stability,0.0,S,R,0.5,0.0,0.75,60,30,0.5,30,1.0,1,29,nan,0,1
stability,0.4,S,R,0.5,0.4,0.75,60,30,0.5,18,1.6666666666666667,2,17,nan,0,1
stability,0.2,S,R,0.5,0.2,0.75,60,30,0.5,24,1.25,2,23,nan,0,1
stability,0.6,S,R,0.5,0.6,0.75,60,30,0.5,13,2.3076923076923075,3,12,nan,0,1
stability,0.8,S,R,0.5,0.8,0.75,60,30,0.5,7,4.285714285714286,5,6,nan,0,1
stability,0.0,S,R,0.5,0.0,0.75,60,30,0.5,30,1.0,1,29,nan,0,1
stability,0.4,S,R,0.5,0.4,0.75,60,30,0.5,18,1.6666666666666667,2,17,nan,0,1
stability,0.2,S,R,0.5,0.2,0.75,60,30,0.5,24,1.25,2,23,nan,0,1
stability,0.6,S,R,0.5,0.6,0.75,60,30,0.5,13,2.3076923076923075,3,12,nan,0,1
stability,0.8,S,R,0.5,0.8,0.75,60,30,0.5,7,4.285714285714286,5,6,nan,0,1
stability,0.0,S,R,0.5,0.0,0.75,60,30,0.5,30,1.0,1,29,nan,0,1
stability,0.4,S,R,0.5,0.4,0.75,60,30,0.5,18,1.6666666666666667,2,17,nan,0,1
stability,0.2,S,R,0.5,0.2,0.75,60,30,0.5,24,1.25,2,23,nan,0,1
stability,0.6,S,R,0.5,0.6,0.75,60,30,0.5,13,2.3076923076923075,3,12,nan,0,1
stability,0.8,S,R,0.5,0.8,0.75,60,30,0.5,7,4.285714285714286,5,6,nan,0,1
stability,0.0,S,R,0.5,0.0,0.75,60,30,0.5,30,1.0,1,29,nan,0,1
