scenario,protocol,wall_time_s,cpu_time_s,ip_tx_cb_calls,ip_rx_cb_calls,frame_apply_calls,routing_tx,routing_rx,pdr,goodput_mbps,eed_mean_s,app_tx_pkts,app_rx_pkts,ip_drop_no_route,ip_drop_route_err,phy_tx_drop,phy_rx_drop,routing_efficiency,control_packets,control_bytes,control_packets_per_delivered,control_bytes_per_delivered,oracle_uptime_ratio,oracle_mean_up_run_s,oracle_median_up_run_s,oracle_p90_up_run_s,oracle_up_runs_s,oracle_transition_count,oracle_path_identity_retention,oracle_has_alternative_paths,oracle_outage_durations_s,reestablishment_times_s,reestablishment_outage_durations_s,olsr_hello_packets,olsr_hello_bytes,olsr_tc_packets,olsr_tc_bytes,olsr_mid_packets,olsr_mid_bytes,olsr_hna_packets,olsr_hna_bytes,olsr_other_packets,olsr_other_bytes,aodv_hello_packets,aodv_hello_bytes,aodv_rreq_packets,aodv_rreq_bytes,aodv_rrep_packets,aodv_rrep_bytes,aodv_rerr_packets,aodv_rerr_bytes,aodv_rrep_ack_packets,aodv_rrep_ack_bytes,aodv_other_packets,aodv_other_bytes,dsdv_update_packets,dsdv_update_bytes,dsdv_other_packets,dsdv_other_bytes,static_other_packets,static_other_bytes,label,param_name,param_value,realization_id,replay_epoch
trace,olsr,0.987046,0.986296,3073,3614,83,934,1917,0.109722,0.005614,80.916212,720,79,58,0,0,596,0.121914,934,70348,11.822785,890.481013,0.900000,15.428571,16.000000,16.000000,16.000000;16.000000;16.000000;16.000000;16.000000;14.000000;14.000000,12,0.702128,1,2.000000;2.000000;2.000000;2.000000;2.000000;2.000000,14.573230;nan;nan;nan;4.818579;9.313251,2.000000;2.000000;2.000000;2.000000;2.000000;2.000000,546,37268,364,31736,0,0,0,0,24,1344,0,0,0,0,0,0,0,0,0,0,0,0,0,0,0,0,0,0,graph_0002__dg,run,0.0,graph_0002,epoch_0001
trace,aodv,1.236397,1.236161,4370,5472,83,1653,3110,0.240278,0.012060,97.488226,720,173,16,176,0,846,0.266975,1653,79132,9.554913,457.410405,0.900000,15.428571,16.000000,16.000000,16.000000;16.000000;16.000000;16.000000;16.000000;14.000000;14.000000,12,0.702128,1,2.000000;2.000000;2.000000;2.000000;2.000000;2.000000,15.196773;7.200003;5.761811;nan;nan;5.706276,2.000000;2.000000;2.000000;2.000000;2.000000;2.000000,0,0,0,0,0,0,0,0,0,0,1219,58512,169,8788,130,6240,118,5056,16,480,1,56,0,0,0,0,0,0,graph_0002__dg,run,0.0,graph_0002,epoch_0001
trace,static,1.172136,1.171786,3296,3166,83,0,0,0.819444,0.041050,104.157984,720,590,0,0,0,685,0.910494,0,0,0.000000,0.000000,0.900000,15.428571,16.000000,16.000000,16.000000;16.000000;16.000000;16.000000;16.000000;14.000000;14.000000,12,0.702128,1,2.000000;2.000000;2.000000;2.000000;2.000000;2.000000,0.137116;0.166496;0.013713;0.036113;0.058797;0.114279,2.000000;2.000000;2.000000;2.000000;2.000000;2.000000,0,0,0,0,0,0,0,0,0,0,0,0,0,0,0,0,0,0,0,0,0,0,0,0,0,0,0,0,graph_0002__dg,run,0.0,graph_0002,epoch_0001
trace,olsr,1.080050,1.079533,3008,3639,83,902,1839,0.227778,0.011653,86.468114,720,164,54,0,0,712,0.253086,902,68504,5.500000,417.707317,0.900000,15.428571,16.000000,16.000000,16.000000;16.000000;16.000000;16.000000;16.000000;14.000000;14.000000,12,0.702128,1,2.000000;2.000000;2.000000;2.000000;2.000000;2.000000,6.557911;nan;2.471327;8.236805;4.982689;8.643219,2.000000;2.000000;2.000000;2.000000;2.000000;2.000000,551,37568,343,30488,0,0,0,0,8,448,0,0,0,0,0,0,0,0,0,0,0,0,0,0,0,0,0,0,graph_0002__dg,run,0.0,graph_0002,epoch_0003
trace,aodv,1.092080,1.091578,4133,5237,83,1616,3056,0.213889,0.011574,88.752649,720,154,5,175,0,907,0.237654,1616,77596,10.493506,503.870130,0.900000,15.428571,16.000000,16.000000,16.000000;16.000000;16.000000;16.000000;16.000000;14.000000;14.000000,12,0.702128,1,2.000000;2.000000;2.000000;2.000000;2.000000;2.000000,15.196773;7.200003;5.770516;nan;nan;0.105573,2.000000;2.000000;2.000000;2.000000;2.000000;2.000000,0,0,0,0,0,0,0,0,0,0,1227,58896,164,8528,119,5712,91,3984,14,420,1,56,0,0,0,0,0,0,graph_0002__dg,run,0.0,graph_0002,epoch_0003
trace,static,1.084790,1.084552,3296,3166,83,0,0,0.819444,0.041048,104.157989,720,590,0,0,0,680,0.910494,0,0,0.000000,0.000000,0.900000,15.428571,16.000000,16.000000,16.000000;16.000000;16.000000;16.000000;16.000000;14.000000;14.000000,12,0.702128,1,2.000000;2.000000;2.000000;2.000000;2.000000;2.000000,0.135976;0.166396;0.013713;0.036113;0.058797;0.114279,2.000000;2.000000;2.000000;2.000000;2.000000;2.000000,0,0,0,0,0,0,0,0,0,0,0,0,0,0,0,0,0,0,0,0,0,0,0,0,0,0,0,0,graph_0002__dg,run,0.0,graph_0002,epoch_0003
trace,olsr,0.616286,0.616269,2040,2698,83,918,1927,0.115278,0.005898,96.821232,720,83,60,0,0,576,0.128086,918,69564,11.060241,838.120482,0.900000,15.428571,16.000000,16.000000,16.000000;16.000000;16.000000;16.000000;16.000000;14.000000;14.000000,12,0.702128,1,2.000000;2.000000;2.000000;2.000000;2.000000;2.000000,nan;nan;2.479735;nan;10.412128;2.572653,2.000000;2.000000;2.000000;2.000000;2.000000;2.000000,550,37660,368,31904,0,0,0,0,0,0,0,0,0,0,0,0,0,0,0,0,0,0,0,0,0,0,0,0,graph_0002__dg,run,0.0,graph_0002,epoch_0004
trace,aodv,1.019094,1.018960,4136,5273,83,1644,3113,0.215278,0.011652,89.159862,720,155,7,176,0,855,0.239198,1644,78836,10.606452,508.619355,0.900000,15.428571,16.000000,16.000000,16.000000;16.000000;16.000000;16.000000;16.000000;14.000000;14.000000,12,0.702128,1,2.000000;2.000000;2.000000;2.000000;2.000000;2.000000,15.196773;7.200003;5.768514;nan;nan;0.105573,2.000000;2.000000;2.000000;2.000000;2.000000;2.000000,0,0,0,0,0,0,0,0,0,0,1220,58560,171,8892,132,6336,103,4456,16,480,2,112,0,0,0,0,0,0,graph_0002__dg,run,0.0,graph_0002,epoch_0004
trace,static,1.043621,1.043402,3296,3166,83,0,0,0.819444,0.041050,104.158018,720,590,0,0,0,682,0.910494,0,0,0.000000,0.000000,0.900000,15.428571,16.000000,16.000000,16.000000;16.000000;16.000000;16.000000;16.000000;14.000000;14.000000,12,0.702128,1,2.000000;2.000000;2.000000;2.000000;2.000000;2.000000,0.140896;0.167222;0.013713;0.036113;0.058797;0.114279,2.000000;2.000000;2.000000;2.000000;2.000000;2.000000,0,0,0,0,0,0,0,0,0,0,0,0,0,0,0,0,0,0,0,0,0,0,0,0,0,0,0,0,graph_0002__dg,run,0.0,graph_0002,epoch_0004
trace,olsr,0.883280,0.882601,2495,3160,83,904,1883,0.234722,0.012010,87.077718,720,169,82,0,0,683,0.260802,904,68472,5.349112,405.159763,0.900000,15.428571,16.000000,16.000000,16.000000;16.000000;16.000000;16.000000;16.000000;14.000000;14.000000,12,0.702128,1,2.000000;2.000000;2.000000;2.000000;2.000000;2.000000,0.506437;nan;2.488997;6.443555;5.482942;2.431043,2.000000;2.000000;2.000000;2.000000;2.000000;2.000000,554,37832,350,30640,0,0,0,0,0,0,0,0,0,0,0,0,0,0,0,0,0,0,0,0,0,0,0,0,graph_0002__dg,run,0.0,graph_0002,epoch_0005
trace,aodv,1.051242,1.049835,4164,5278,83,1656,3103,0.212500,0.011502,88.327336,720,153,8,176,0,912,0.236111,1656,79348,10.823529,518.614379,0.900000,15.428571,16.000000,16.000000,16.000000;16.000000;16.000000;16.000000;16.000000;14.000000;14.000000,12,0.702128,1,2.000000;2.000000;2.000000;2.000000;2.000000;2.000000,15.196773;7.200003;5.775459;nan;nan;0.105573,2.000000;2.000000;2.000000;2.000000;2.000000;2.000000,0,0,0,0,0,0,0,0,0,0,1214,58272,175,9100,134,6432,115,4952,16,480,2,112,0,0,0,0,0,0,graph_0002__dg,run,0.0,graph_0002,epoch_0005
trace,static,1.044383,1.043597,3297,3167,83,0,0,0.819444,0.041053,104.158027,720,590,0,0,0,684,0.910494,0,0,0.000000,0.000000,0.900000,15.428571,16.000000,16.000000,16.000000;16.000000;16.000000;16.000000;16.000000;14.000000;14.000000,12,0.702128,1,2.000000;2.000000;2.000000;2.000000;2.000000;2.000000,0.135976;0.167022;0.013713;0.036113;0.058797;0.114279,2.000000;2.000000;2.000000;2.000000;2.000000;2.000000,0,0,0,0,0,0,0,0,0,0,0,0,0,0,0,0,0,0,0,0,0,0,0,0,0,0,0,0,graph_0002__dg,run,0.0,graph_0002,epoch_0005
trace,olsr,1.638522,1.637898,4734,5398,83,962,1908,0.173611,0.008882,80.884323,720,125,103,0,0,724,0.192901,962,71300,7.696000,570.400000,0.900000,15.428571,16.000000,16.000000,16.000000;16.000000;16.000000;16.000000;16.000000;14.000000;14.000000,12,0.702128,1,2.000000;2.000000;2.000000;2.000000;2.000000;2.000000,8.710192;14.287309;10.165997;8.255179;4.500145;9.289589,2.000000;2.000000;2.000000;2.000000;2.000000;2.000000,554,37812,337,29512,0,0,0,0,71,3976,0,0,0,0,0,0,0,0,0,0,0,0,0,0,0,0,0,0,graph_0002__dg,run,0.0,graph_0002,epoch_0002
trace,aodv,1.102680,1.102628,4136,5196,83,1627,3018,0.218056,0.011799,89.094052,720,157,7,175,0,925,0.242284,1627,78108,10.363057,497.503185,0.900000,15.428571,16.000000,16.000000,16.000000;16.000000;16.000000;16.000000;16.000000;14.000000;14.000000,12,0.702128,1,2.000000;2.000000;2.000000;2.000000;2.000000;2.000000,15.032933;7.036163;5.764428;nan;nan;0.105573,2.000000;2.000000;2.000000;2.000000;2.000000;2.000000,0,0,0,0,0,0,0,0,0,0,1224,58752,170,8840,125,6000,93,4040,14,420,1,56,0,0,0,0,0,0,graph_0002__dg,run,0.0,graph_0002,epoch_0002
trace,static,1.055790,1.055607,3293,3162,83,0,0,0.818056,0.040980,104.230429,720,589,0,0,0,684,0.908951,0,0,0.000000,0.000000,0.900000,15.428571,16.000000,16.000000,16.000000;16.000000;16.000000;16.000000;16.000000;14.000000;14.000000,12,0.702128,1,2.000000;2.000000;2.000000;2.000000;2.000000;2.000000,0.149772;0.166276;0.013713;0.036113;0.058797;0.114279,2.000000;2.000000;2.000000;2.000000;2.000000;2.000000,0,0,0,0,0,0,0,0,0,0,0,0,0,0,0,0,0,0,0,0,0,0,0,0,0,0,0,0,graph_0002__dg,run,0.0,graph_0002,epoch_0002
trace,olsr,1.460139,1.460057,3870,4343,83,949,1684,0.377778,0.019668,100.853485,720,272,83,0,0,733,0.419753,949,70268,3.488971,258.338235,0.900000,15.428571,16.000000,16.000000,16.000000;16.000000;16.000000;16.000000;16.000000;14.000000;14.000000,12,0.744681,1,2.000000;2.000000;2.000000;2.000000;2.000000;2.000000,4.073602;12.279313;6.394497;0.422379;0.431453;4.386257,2.000000;2.000000;2.000000;2.000000;2.000000;2.000000,553,36184,352,31620,0,0,0,0,44,2464,0,0,0,0,0,0,0,0,0,0,0,0,0,0,0,0,0,0,graph_0001__dg,run,0.0,graph_0001,epoch_0001
trace,aodv,1.818637,1.818392,5276,6321,83,1671,2762,0.920833,0.046391,105.123933,720,663,11,0,0,1041,1.023148,1671,79832,2.520362,120.410256,0.900000,15.428571,16.000000,16.000000,16.000000;16.000000;16.000000;16.000000;16.000000;14.000000;14.000000,12,0.744681,1,2.000000;2.000000;2.000000;2.000000;2.000000;2.000000,0.827980;0.146177;1.183628;0.027137;1.231469;0.105857,2.000000;2.000000;2.000000;2.000000;2.000000;2.000000,0,0,0,0,0,0,0,0,0,0,1238,59424,138,7176,168,8064,115,4808,12,360,0,0,0,0,0,0,0,0,graph_0001__dg,run,0.0,graph_0001,epoch_0001
trace,static,1.103847,1.103693,3253,3135,83,0,0,0.836111,0.041894,103.619554,720,602,0,0,0,495,0.929012,0,0,0.000000,0.000000,0.900000,15.428571,16.000000,16.000000,16.000000;16.000000;16.000000;16.000000;16.000000;14.000000;14.000000,12,0.744681,1,2.000000;2.000000;2.000000;2.000000;2.000000;2.000000,0.174827;0.193492;0.022689;0.046636;0.067509;0.105877,2.000000;2.000000;2.000000;2.000000;2.000000;2.000000,0,0,0,0,0,0,0,0,0,0,0,0,0,0,0,0,0,0,0,0,0,0,0,0,0,0,0,0,graph_0001__dg,run,0.0,graph_0001,epoch_0001
trace,olsr,1.265051,1.263944,3599,4095,83,945,1718,0.273611,0.014246,102.881214,720,197,57,0,0,683,0.304012,945,69372,4.796954,352.142132,0.900000,15.428571,16.000000,16.000000,16.000000;16.000000;16.000000;16.000000;16.000000;14.000000;14.000000,12,0.744681,1,2.000000;2.000000;2.000000;2.000000;2.000000;2.000000,11.941798;12.106497;11.482713;0.410317;0.413622;4.540575,2.000000;2.000000;2.000000;2.000000;2.000000;2.000000,557,36616,360,31188,0,0,0,0,28,1568,0,0,0,0,0,0,0,0,0,0,0,0,0,0,0,0,0,0,graph_0001__dg,run,0.0,graph_0001,epoch_0003
trace,aodv,1.924890,1.922481,5274,6346,83,1695,2800,0.934722,0.047093,104.692732,720,673,14,0,0,1027,1.038580,1695,80964,2.518574,120.303120,0.900000,15.428571,16.000000,16.000000,16.000000;16.000000;16.000000;16.000000;16.000000;14.000000;14.000000,12,0.744681,1,2.000000;2.000000;2.000000;2.000000;2.000000;2.000000,0.123777;0.146177;0.017339;0.027137;1.216609;0.105857,2.000000;2.000000;2.000000;2.000000;2.000000;2.000000,0,0,0,0,0,0,0,0,0,0,1245,59760,139,7228,178,8544,121,5072,12,360,0,0,0,0,0,0,0,0,graph_0001__dg,run,0.0,graph_0001,epoch_0003
trace,static,1.180813,1.180595,3253,3135,83,0,0,0.836111,0.041898,103.619573,720,602,0,0,0,492,0.929012,0,0,0.000000,0.000000,0.900000,15.428571,16.000000,16.000000,16.000000;16.000000;16.000000;16.000000;16.000000;14.000000;14.000000,12,0.744681,1,2.000000;2.000000;2.000000;2.000000;2.000000;2.000000,0.169787;0.195152;0.022689;0.045620;0.067509;0.105877,2.000000;2.000000;2.000000;2.000000;2.000000;2.000000,0,0,0,0,0,0,0,0,0,0,0,0,0,0,0,0,0,0,0,0,0,0,0,0,0,0,0,0,graph_0001__dg,run,0.0,graph_0001,epoch_0003
trace,olsr,1.712490,1.712398,4532,4976,83,960,1710,0.305556,0.015909,92.622004,720,220,36,0,0,769,0.339506,960,70676,4.363636,321.254545,0.900000,15.428571,16.000000,16.000000,16.000000;16.000000;16.000000;16.000000;16.000000;14.000000;14.000000,12,0.744681,1,2.000000;2.000000;2.000000;2.000000;2.000000;2.000000,4.239422;13.426193;6.394497;0.415893;0.412045;4.541591,2.000000;2.000000;2.000000;2.000000;2.000000;2.000000,551,36216,357,31548,0,0,0,0,52,2912,0,0,0,0,0,0,0,0,0,0,0,0,0,0,0,0,0,0,graph_0001__dg,run,0.0,graph_0001,epoch_0004
trace,aodv,1.811982,1.810154,5289,6347,83,1674,2763,0.938889,0.047304,104.737017,720,676,13,0,0,922,1.043210,1674,79902,2.476331,118.198225,0.900000,15.428571,16.000000,16.000000,16.000000;16.000000;16.000000;16.000000;16.000000;14.000000;14.000000,12,0.744681,1,2.000000;2.000000;2.000000;2.000000;2.000000;2.000000,0.123777;0.146177;1.194316;0.027137;1.223429;0.105857,2.000000;2.000000;2.000000;2.000000;2.000000;2.000000,0,0,0,0,0,0,0,0,0,0,1240,59520,136,7072,163,7824,122,5096,13,390,0,0,0,0,0,0,0,0,graph_0001__dg,run,0.0,graph_0001,epoch_0004
trace,static,1.157983,1.157889,3253,3135,83,0,0,0.836111,0.041896,103.619588,720,602,0,0,0,495,0.929012,0,0,0.000000,0.000000,0.900000,15.428571,16.000000,16.000000,16.000000;16.000000;16.000000;16.000000;16.000000;14.000000;14.000000,12,0.744681,1,2.000000;2.000000;2.000000;2.000000;2.000000;2.000000,0.182847;0.197752;0.022689;0.040460;0.067509;0.105877,2.000000;2.000000;2.000000;2.000000;2.000000;2.000000,0,0,0,0,0,0,0,0,0,0,0,0,0,0,0,0,0,0,0,0,0,0,0,0,0,0,0,0,graph_0001__dg,run,0.0,graph_0001,epoch_0004
trace,olsr,1.187251,1.187222,3318,3719,83,932,1672,0.211111,0.012055,92.079658,720,152,63,0,0,658,0.234568,932,69256,6.131579,455.631579,0.900000,15.428571,16.000000,16.000000,16.000000;16.000000;16.000000;16.000000;16.000000;14.000000;14.000000,12,0.744681,1,2.000000;2.000000;2.000000;2.000000;2.000000;2.000000,4.055937;nan;12.465553;0.420437;0.414345;nan,2.000000;2.000000;2.000000;2.000000;2.000000;2.000000,557,36596,355,31540,0,0,0,0,20,1120,0,0,0,0,0,0,0,0,0,0,0,0,0,0,0,0,0,0,graph_0001__dg,run,0.0,graph_0001,epoch_0005
trace,aodv,1.623901,1.623748,5086,6167,83,1684,2798,0.859722,0.043316,105.000732,720,619,12,56,0,996,0.955247,1684,80538,2.720517,130.109855,0.900000,15.428571,16.000000,16.000000,16.000000;16.000000;16.000000;16.000000;16.000000;14.000000;14.000000,12,0.744681,1,2.000000;2.000000;2.000000;2.000000;2.000000;2.000000,0.123777;0.146177;11.645228;0.027137;1.222587;0.105857,2.000000;2.000000;2.000000;2.000000;2.000000;2.000000,0,0,0,0,0,0,0,0,0,0,1227,58896,159,8268,168,8064,117,4920,13,390,0,0,0,0,0,0,0,0,graph_0001__dg,run,0.0,graph_0001,epoch_0005
trace,static,1.098390,1.097961,3251,3132,83,0,0,0.834722,0.041828,103.689645,720,601,0,0,0,495,0.927469,0,0,0.000000,0.000000,0.900000,15.428571,16.000000,16.000000,16.000000;16.000000;16.000000;16.000000;16.000000;14.000000;14.000000,12,0.744681,1,2.000000;2.000000;2.000000;2.000000;2.000000;2.000000,0.184887;0.179676;0.022689;0.048756;0.067509;0.105877,2.000000;2.000000;2.000000;2.000000;2.000000;2.000000,0,0,0,0,0,0,0,0,0,0,0,0,0,0,0,0,0,0,0,0,0,0,0,0,0,0,0,0,graph_0001__dg,run,0.0,graph_0001,epoch_0005
trace,olsr,1.265731,1.265723,3400,3895,83,947,1727,0.243056,0.012179,103.238983,720,175,41,0,0,699,0.270062,947,69716,5.411429,398.377143,0.900000,15.428571,16.000000,16.000000,16.000000;16.000000;16.000000;16.000000;16.000000;14.000000;14.000000,12,0.744681,1,2.000000;2.000000;2.000000;2.000000;2.000000;2.000000,6.200702;12.106497;10.990993;4.459793;0.429473;9.136111,2.000000;2.000000;2.000000;2.000000;2.000000;2.000000,553,36200,368,32060,0,0,0,0,26,1456,0,0,0,0,0,0,0,0,0,0,0,0,0,0,0,0,0,0,graph_0001__dg,run,0.0,graph_0001,epoch_0002
trace,aodv,1.712755,1.712738,5284,6374,83,1689,2811,0.938889,0.047302,104.705790,720,676,12,0,0,965,1.043210,1689,80656,2.498521,119.313609,0.900000,15.428571,16.000000,16.000000,16.000000;16.000000;16.000000;16.000000;16.000000;14.000000;14.000000,12,0.744681,1,2.000000;2.000000;2.000000;2.000000;2.000000;2.000000,0.123777;0.146177;0.004737;0.027137;1.233567;0.105857,2.000000;2.000000;2.000000;2.000000;2.000000;2.000000,0,0,0,0,0,0,0,0,0,0,1247,59856,136,7072,173,8304,121,5064,12,360,0,0,0,0,0,0,0,0,graph_0001__dg,run,0.0,graph_0001,epoch_0002
trace,static,1.149472,1.149434,3253,3135,83,0,0,0.836111,0.041896,103.619557,720,602,0,0,0,496,0.929012,0,0,0.000000,0.000000,0.900000,15.428571,16.000000,16.000000,16.000000;16.000000;16.000000;16.000000;16.000000;14.000000;14.000000,12,0.744681,1,2.000000;2.000000;2.000000;2.000000;2.000000;2.000000,0.176767;0.188232;0.022689;0.040520;0.067509;0.105877,2.000000;2.000000;2.000000;2.000000;2.000000;2.000000,0,0,0,0,0,0,0,0,0,0,0,0,0,0,0,0,0,0,0,0,0,0,0,0,0,0,0,0,graph_0001__dg,run,0.0,graph_0001,epoch_0002
trace,olsr,0.898643,0.898460,2695,3142,83,908,1737,0.211111,0.011421,80.347949,720,152,26,0,0,912,0.234568,908,68004,5.973684,447.394737,0.900000,15.428571,16.000000,16.000000,16.000000;16.000000;16.000000;16.000000;16.000000;14.000000;14.000000,12,0.765957,1,2.000000;2.000000;2.000000;2.000000;2.000000;2.000000,6.204687;nan;0.522901;nan;nan;0.597173,2.000000;2.000000;2.000000;2.000000;2.000000;2.000000,559,37056,349,30948,0,0,0,0,0,0,0,0,0,0,0,0,0,0,0,0,0,0,0,0,0,0,0,0,graph_0004__dg,run,0.0,graph_0004,epoch_0001
trace,aodv,1.392194,1.391105,4813,5997,83,1741,2964,0.762500,0.038419,96.974514,720,549,13,119,0,1184,0.847222,1741,83298,3.171220,151.726776,0.900000,15.428571,16.000000,16.000000,16.000000;16.000000;16.000000;16.000000;16.000000;14.000000;14.000000,12,0.765957,1,2.000000;2.000000;2.000000;2.000000;2.000000;2.000000,0.123493;0.146177;0.005021;0.027421;nan;3.662232,2.000000;2.000000;2.000000;2.000000;2.000000;2.000000,0,0,0,0,0,0,0,0,0,0,1229,58992,174,9048,192,9216,127,5472,19,570,0,0,0,0,0,0,0,0,graph_0004__dg,run,0.0,graph_0004,epoch_0001
trace,static,0.997457,0.996786,3245,3121,83,0,0,0.827778,0.041478,104.183814,720,596,0,0,0,617,0.919753,0,0,0.000000,0.000000,0.900000,15.428571,16.000000,16.000000,16.000000;16.000000;16.000000;16.000000;16.000000;14.000000;14.000000,12,0.765957,1,2.000000;2.000000;2.000000;2.000000;2.000000;2.000000,0.147787;0.195489;0.029846;0.045373;0.058797;0.114549,2.000000;2.000000;2.000000;2.000000;2.000000;2.000000,0,0,0,0,0,0,0,0,0,0,0,0,0,0,0,0,0,0,0,0,0,0,0,0,0,0,0,0,graph_0004__dg,run,0.0,graph_0004,epoch_0001
trace,olsr,0.985081,0.984721,2681,3108,83,908,1738,0.180556,0.016603,69.365024,720,130,46,0,0,910,0.200617,908,67900,6.984615,522.307692,0.900000,15.428571,16.000000,16.000000,16.000000;16.000000;16.000000;16.000000;16.000000;14.000000;14.000000,12,0.765957,1,2.000000;2.000000;2.000000;2.000000;2.000000;2.000000,6.527307;4.414709;0.514125;nan;nan;nan,2.000000;2.000000;2.000000;2.000000;2.000000;2.000000,555,36652,353,31248,0,0,0,0,0,0,0,0,0,0,0,0,0,0,0,0,0,0,0,0,0,0,0,0,graph_0004__dg,run,0.0,graph_0004,epoch_0003
trace,aodv,1.578195,1.577418,5066,6311,83,1770,3049,0.861111,0.043381,102.001163,720,620,10,56,0,1184,0.956790,1770,84736,2.854839,136.670968,0.900000,15.428571,16.000000,16.000000,16.000000;16.000000;16.000000;16.000000;16.000000;14.000000;14.000000,12,0.765957,1,2.000000;2.000000;2.000000;2.000000;2.000000;2.000000,0.123493;0.146177;1.261356;0.027421;10.475739;0.105573,2.000000;2.000000;2.000000;2.000000;2.000000;2.000000,0,0,0,0,0,0,0,0,0,0,1238,59424,181,9412,216,10368,113,4872,22,660,0,0,0,0,0,0,0,0,graph_0004__dg,run,0.0,graph_0004,epoch_0003
trace,static,1.097126,1.096762,3247,3123,83,0,0,0.827778,0.041476,104.183835,720,596,0,0,0,614,0.919753,0,0,0.000000,0.000000,0.900000,15.428571,16.000000,16.000000,16.000000;16.000000;16.000000;16.000000;16.000000;14.000000;14.000000,12,0.765957,1,2.000000;2.000000;2.000000;2.000000;2.000000;2.000000,0.145647;0.194589;0.037722;0.045373;0.058797;0.123525,2.000000;2.000000;2.000000;2.000000;2.000000;2.000000,0,0,0,0,0,0,0,0,0,0,0,0,0,0,0,0,0,0,0,0,0,0,0,0,0,0,0,0,graph_0004__dg,run,0.0,graph_0004,epoch_0003
trace,olsr,1.156005,1.155847,3046,3506,83,923,1786,0.225000,0.011274,77.666369,720,162,31,0,0,945,0.250000,923,69332,5.697531,427.975309,0.900000,15.428571,16.000000,16.000000,16.000000;16.000000;16.000000;16.000000;16.000000;14.000000;14.000000,12,0.765957,1,2.000000;2.000000;2.000000;2.000000;2.000000;2.000000,2.269527;nan;0.522901;nan;nan;8.797799,2.000000;2.000000;2.000000;2.000000;2.000000;2.000000,551,36384,370,32836,0,0,0,0,2,112,0,0,0,0,0,0,0,0,0,0,0,0,0,0,0,0,0,0,graph_0004__dg,run,0.0,graph_0004,epoch_0004
trace,aodv,1.669997,1.669740,5324,6502,83,1759,3010,0.879167,0.044290,106.401878,720,633,14,0,0,1300,0.976852,1759,83840,2.778831,132.448657,0.900000,15.428571,16.000000,16.000000,16.000000;16.000000;16.000000;16.000000;16.000000;14.000000;14.000000,12,0.765957,1,2.000000;2.000000;2.000000;2.000000;2.000000;2.000000,0.123493;2.481372;0.207282;0.027421;0.091106;0.105573,2.000000;2.000000;2.000000;2.000000;2.000000;2.000000,0,0,0,0,0,0,0,0,0,0,1240,59520,155,8060,201,9648,140,5896,22,660,1,56,0,0,0,0,0,0,graph_0004__dg,run,0.0,graph_0004,epoch_0004
trace,static,1.043928,1.043002,3244,3119,83,0,0,0.826389,0.041409,104.255532,720,595,0,0,0,621,0.918210,0,0,0.000000,0.000000,0.900000,15.428571,16.000000,16.000000,16.000000;16.000000;16.000000;16.000000;16.000000;14.000000;14.000000,12,0.765957,1,2.000000;2.000000;2.000000;2.000000;2.000000;2.000000,0.145527;0.188349;0.027686;0.045373;0.058797;0.114549,2.000000;2.000000;2.000000;2.000000;2.000000;2.000000,0,0,0,0,0,0,0,0,0,0,0,0,0,0,0,0,0,0,0,0,0,0,0,0,0,0,0,0,graph_0004__dg,run,0.0,graph_0004,epoch_0004
trace,olsr,0.886062,0.884688,2636,3155,83,901,1740,0.266667,0.013418,87.884706,720,192,53,0,0,806,0.296296,901,67288,4.692708,350.458333,0.900000,15.428571,16.000000,16.000000,16.000000;16.000000;16.000000;16.000000;16.000000;14.000000;14.000000,12,0.765957,1,2.000000;2.000000;2.000000;2.000000;2.000000;2.000000,6.695147;nan;0.522901;15.144240;nan;0.114549,2.000000;2.000000;2.000000;2.000000;2.000000;2.000000,552,36376,349,30912,0,0,0,0,0,0,0,0,0,0,0,0,0,0,0,0,0,0,0,0,0,0,0,0,graph_0004__dg,run,0.0,graph_0004,epoch_0005
trace,aodv,1.599481,1.597892,5371,6645,83,1807,3113,0.945833,0.047651,104.893397,720,681,7,0,0,1281,1.050926,1807,86472,2.653451,126.977974,0.900000,15.428571,16.000000,16.000000,16.000000;16.000000;16.000000;16.000000;16.000000;14.000000;14.000000,12,0.765957,1,2.000000;2.000000;2.000000;2.000000;2.000000;2.000000,0.123493;0.146177;1.341604;0.027421;0.276583;0.105573,2.000000;2.000000;2.000000;2.000000;2.000000;2.000000,0,0,0,0,0,0,0,0,0,0,1249,59952,176,9152,235,11280,118,5088,24,720,5,280,0,0,0,0,0,0,graph_0004__dg,run,0.0,graph_0004,epoch_0005
trace,static,1.081661,1.080441,3245,3121,83,0,0,0.827778,0.041476,104.183788,720,596,0,0,0,620,0.919753,0,0,0.000000,0.000000,0.900000,15.428571,16.000000,16.000000,16.000000;16.000000;16.000000;16.000000;16.000000;14.000000;14.000000,12,0.765957,1,2.000000;2.000000;2.000000;2.000000;2.000000;2.000000,0.144467;0.193189;0.027726;0.045373;0.058797;0.114549,2.000000;2.000000;2.000000;2.000000;2.000000;2.000000,0,0,0,0,0,0,0,0,0,0,0,0,0,0,0,0,0,0,0,0,0,0,0,0,0,0,0,0,graph_0004__dg,run,0.0,graph_0004,epoch_0005
trace,olsr,0.953730,0.953407,2830,3277,83,909,1743,0.227778,0.012193,82.440054,720,164,47,0,0,924,0.253086,909,68128,5.542683,415.414634,0.900000,15.428571,16.000000,16.000000,16.000000;16.000000;16.000000;16.000000;16.000000;14.000000;14.000000,12,0.765957,1,2.000000;2.000000;2.000000;2.000000;2.000000;2.000000,6.524171;4.578549;0.531607;nan;nan;0.605879,2.000000;2.000000;2.000000;2.000000;2.000000;2.000000,550,36472,357,31544,0,0,0,0,2,112,0,0,0,0,0,0,0,0,0,0,0,0,0,0,0,0,0,0,graph_0004__dg,run,0.0,graph_0004,epoch_0002
trace,aodv,1.574812,1.574323,5344,6574,83,1787,3058,0.920833,0.046773,105.913052,720,663,16,0,0,1297,1.023148,1787,85238,2.695324,128.564103,0.900000,15.428571,16.000000,16.000000,16.000000;16.000000;16.000000;16.000000;16.000000;14.000000;14.000000,12,0.765957,1,2.000000;2.000000;2.000000;2.000000;2.000000;2.000000,0.123493;0.146177;0.005631;0.027421;0.049821;0.105573,2.000000;2.000000;2.000000;2.000000;2.000000;2.000000,0,0,0,0,0,0,0,0,0,0,1248,59904,161,8372,219,10512,136,5760,23,690,0,0,0,0,0,0,0,0,graph_0004__dg,run,0.0,graph_0004,epoch_0002
trace,static,1.133678,1.132666,3244,3119,83,0,0,0.826389,0.041405,104.158047,720,595,0,0,0,619,0.918210,0,0,0.000000,0.000000,0.900000,15.428571,16.000000,16.000000,16.000000;16.000000;16.000000;16.000000;16.000000;14.000000;14.000000,12,0.765957,1,2.000000;2.000000;2.000000;2.000000;2.000000;2.000000,0.137851;0.189649;0.028846;0.045373;0.058797;0.114549,2.000000;2.000000;2.000000;2.000000;2.000000;2.000000,0,0,0,0,0,0,0,0,0,0,0,0,0,0,0,0,0,0,0,0,0,0,0,0,0,0,0,0,graph_0004__dg,run,0.0,graph_0004,epoch_0002
trace,olsr,1.340218,1.339507,3604,3975,83,925,1676,0.223611,0.011202,110.137596,720,161,29,0,0,882,0.248457,925,68040,5.745342,422.608696,0.900000,15.428571,16.000000,16.000000,16.000000;16.000000;16.000000;16.000000;16.000000;14.000000;14.000000,12,0.808511,1,2.000000;2.000000;2.000000;2.000000;2.000000;2.000000,8.494896;0.491275;0.004453;8.423891;4.327059;8.961949,2.000000;2.000000;2.000000;2.000000;2.000000;2.000000,559,36644,332,29492,0,0,0,0,34,1904,0,0,0,0,0,0,0,0,0,0,0,0,0,0,0,0,0,0,graph_0005__dg,run,0.0,graph_0005,epoch_0001
trace,aodv,1.472371,1.471921,5000,6064,83,1667,2773,0.923611,0.046360,105.773036,720,665,13,0,0,973,1.026235,1667,79560,2.506767,119.639098,0.900000,15.428571,16.000000,16.000000,16.000000;16.000000;16.000000;16.000000;16.000000;14.000000;14.000000,12,0.808511,1,2.000000;2.000000;2.000000;2.000000;2.000000;2.000000,0.124061;1.256559;1.278369;1.843884;0.049537;0.105573,2.000000;2.000000;2.000000;2.000000;2.000000;2.000000,0,0,0,0,0,0,0,0,0,0,1245,59760,119,6188,166,7968,121,5112,14,420,2,112,0,0,0,0,0,0,graph_0005__dg,run,0.0,graph_0005,epoch_0001
trace,static,0.945460,0.945344,2991,2876,83,0,0,0.840278,0.042095,105.168663,720,605,0,0,0,602,0.933642,0,0,0.000000,0.000000,0.900000,15.428571,16.000000,16.000000,16.000000;16.000000;16.000000;16.000000;16.000000;14.000000;14.000000,12,0.808511,1,2.000000;2.000000;2.000000;2.000000;2.000000;2.000000,0.165757;0.181285;0.013429;0.045089;0.058513;0.114589,2.000000;2.000000;2.000000;2.000000;2.000000;2.000000,0,0,0,0,0,0,0,0,0,0,0,0,0,0,0,0,0,0,0,0,0,0,0,0,0,0,0,0,graph_0005__dg,run,0.0,graph_0005,epoch_0001
trace,olsr,1.059472,1.058559,2832,3186,83,893,1640,0.290278,0.014541,110.819429,720,209,30,0,0,993,0.322531,893,66288,4.272727,317.167464,0.900000,15.428571,16.000000,16.000000,16.000000;16.000000;16.000000;16.000000;16.000000;14.000000;14.000000,12,0.808511,1,2.000000;2.000000;2.000000;2.000000;2.000000;2.000000,4.233776;0.655295;0.504949;2.984949;4.309377;0.442229,2.000000;2.000000;2.000000;2.000000;2.000000;2.000000,560,36836,331,29340,0,0,0,0,2,112,0,0,0,0,0,0,0,0,0,0,0,0,0,0,0,0,0,0,graph_0005__dg,run,0.0,graph_0005,epoch_0003
trace,aodv,1.521773,1.521693,5039,6168,83,1744,2900,0.913889,0.045868,105.649027,720,658,35,0,0,1080,1.015432,1744,83078,2.650456,126.258359,0.900000,15.428571,16.000000,16.000000,16.000000;16.000000;16.000000;16.000000;16.000000;14.000000;14.000000,12,0.808511,1,2.000000;2.000000;2.000000;2.000000;2.000000;2.000000,0.005372;0.747214;0.004453;1.357903;0.049537;0.105573,2.000000;2.000000;2.000000;2.000000;2.000000;2.000000,0,0,0,0,0,0,0,0,0,0,1256,60288,138,7176,174,8352,159,6648,13,390,4,224,0,0,0,0,0,0,graph_0005__dg,run,0.0,graph_0005,epoch_0003
trace,static,0.925126,0.924943,2991,2876,83,0,0,0.840278,0.042093,105.168653,720,605,0,0,0,605,0.933642,0,0,0.000000,0.000000,0.900000,15.428571,16.000000,16.000000,16.000000;16.000000;16.000000;16.000000;16.000000;14.000000;14.000000,12,0.808511,1,2.000000;2.000000;2.000000;2.000000;2.000000;2.000000,0.169833;0.180265;0.013429;0.045089;0.058513;0.114589,2.000000;2.000000;2.000000;2.000000;2.000000;2.000000,0,0,0,0,0,0,0,0,0,0,0,0,0,0,0,0,0,0,0,0,0,0,0,0,0,0,0,0,graph_0005__dg,run,0.0,graph_0005,epoch_0003
trace,olsr,1.128534,1.127745,3112,3482,83,887,1625,0.355556,0.017810,103.182951,720,256,31,0,0,910,0.395062,887,65200,3.464844,254.687500,0.900000,15.428571,16.000000,16.000000,16.000000;16.000000;16.000000;16.000000;16.000000;14.000000;14.000000,12,0.808511,1,2.000000;2.000000;2.000000;2.000000;2.000000;2.000000,4.559696;0.482569;0.413091;2.657269;4.637057;8.961909,2.000000;2.000000;2.000000;2.000000;2.000000;2.000000,566,37272,318,27760,0,0,0,0,3,168,0,0,0,0,0,0,0,0,0,0,0,0,0,0,0,0,0,0,graph_0005__dg,run,0.0,graph_0005,epoch_0004
trace,aodv,1.443612,1.442829,4879,5937,83,1625,2706,0.931944,0.046771,105.563275,720,671,26,0,0,1008,1.035494,1625,77516,2.421759,115.523100,0.900000,15.428571,16.000000,16.000000,16.000000;16.000000;16.000000;16.000000;16.000000;14.000000;14.000000,12,0.808511,1,2.000000;2.000000;2.000000;2.000000;2.000000;2.000000,0.179232;1.153092;0.004453;1.351057;0.049537;0.105573,2.000000;2.000000;2.000000;2.000000;2.000000;2.000000,0,0,0,0,0,0,0,0,0,0,1261,60528,112,5824,122,5856,115,4832,14,420,1,56,0,0,0,0,0,0,graph_0005__dg,run,0.0,graph_0005,epoch_0004
trace,static,0.935383,0.935275,2991,2876,83,0,0,0.840278,0.042090,105.168632,720,605,0,0,0,603,0.933642,0,0,0.000000,0.000000,0.900000,15.428571,16.000000,16.000000,16.000000;16.000000;16.000000;16.000000;16.000000;14.000000;14.000000,12,0.808511,1,2.000000;2.000000;2.000000;2.000000;2.000000;2.000000,0.171653;0.179699;0.013429;0.045089;0.058513;0.114589,2.000000;2.000000;2.000000;2.000000;2.000000;2.000000,0,0,0,0,0,0,0,0,0,0,0,0,0,0,0,0,0,0,0,0,0,0,0,0,0,0,0,0,graph_0005__dg,run,0.0,graph_0005,epoch_0004
trace,olsr,1.489421,1.489111,4133,4504,83,932,1669,0.322222,0.016142,113.811373,720,232,15,0,0,963,0.358025,932,68392,4.017241,294.793103,0.900000,15.428571,16.000000,16.000000,16.000000;16.000000;16.000000;16.000000;16.000000;14.000000;14.000000,12,0.808511,1,2.000000;2.000000;2.000000;2.000000;2.000000;2.000000,6.527540;6.226223;0.504963;12.488153;4.637057;0.606433,2.000000;2.000000;2.000000;2.000000;2.000000;2.000000,565,37120,327,29032,0,0,0,0,40,2240,0,0,0,0,0,0,0,0,0,0,0,0,0,0,0,0,0,0,graph_0005__dg,run,0.0,graph_0005,epoch_0005
trace,aodv,1.481318,1.480609,5085,6138,83,1726,2835,0.913889,0.045872,106.122226,720,658,6,0,0,1129,1.015432,1726,82492,2.623100,125.367781,0.900000,15.428571,16.000000,16.000000,16.000000;16.000000;16.000000;16.000000;16.000000;14.000000;14.000000,12,0.808511,1,2.000000;2.000000;2.000000;2.000000;2.000000;2.000000,0.124061;0.023713;1.290827;1.874831;0.049537;0.105573,2.000000;2.000000;2.000000;2.000000;2.000000;2.000000,0,0,0,0,0,0,0,0,0,0,1236,59328,154,8008,192,9216,119,5112,22,660,3,168,0,0,0,0,0,0,graph_0005__dg,run,0.0,graph_0005,epoch_0005
trace,static,0.970222,0.969426,2995,2880,83,0,0,0.840278,0.042093,105.168652,720,605,0,0,0,603,0.933642,0,0,0.000000,0.000000,0.900000,15.428571,16.000000,16.000000,16.000000;16.000000;16.000000;16.000000;16.000000;14.000000;14.000000,12,0.808511,1,2.000000;2.000000;2.000000;2.000000;2.000000;2.000000,0.163851;0.188285;0.013429;0.045089;0.058513;0.114589,2.000000;2.000000;2.000000;2.000000;2.000000;2.000000,0,0,0,0,0,0,0,0,0,0,0,0,0,0,0,0,0,0,0,0,0,0,0,0,0,0,0,0,graph_0005__dg,run,0.0,graph_0005,epoch_0005
trace,olsr,1.401867,1.401664,3918,4359,83,938,1696,0.341667,0.017116,109.223273,720,246,27,0,0,898,0.379630,938,69092,3.813008,280.861789,0.900000,15.428571,16.000000,16.000000,16.000000;16.000000;16.000000;16.000000;16.000000;14.000000;14.000000,12,0.808511,1,2.000000;2.000000;2.000000;2.000000;2.000000;2.000000,4.237076;0.491455;0.332153;nan;4.327059;0.606433,2.000000;2.000000;2.000000;2.000000;2.000000;2.000000,554,36344,348,30732,0,0,0,0,36,2016,0,0,0,0,0,0,0,0,0,0,0,0,0,0,0,0,0,0,graph_0005__dg,run,0.0,graph_0005,epoch_0002
trace,aodv,1.481583,1.479660,4899,5989,83,1684,2800,0.890278,0.044689,107.263570,720,641,53,0,0,962,0.989198,1684,79988,2.627145,124.786271,0.900000,15.428571,16.000000,16.000000,16.000000;16.000000;16.000000;16.000000;16.000000;14.000000;14.000000,12,0.808511,1,2.000000;2.000000;2.000000;2.000000;2.000000;2.000000,4.119811;1.224136;1.299795;1.700655;0.049537;0.105573,2.000000;2.000000;2.000000;2.000000;2.000000;2.000000,0,0,0,0,0,0,0,0,0,0,1246,59808,114,5928,139,6672,169,7048,14,420,2,112,0,0,0,0,0,0,graph_0005__dg,run,0.0,graph_0005,epoch_0002
trace,static,0.969079,0.967748,2989,2873,83,0,0,0.838889,0.042024,105.240956,720,604,0,0,0,600,0.932099,0,0,0.000000,0.000000,0.900000,15.428571,16.000000,16.000000,16.000000;16.000000;16.000000;16.000000;16.000000;14.000000;14.000000,12,0.808511,1,2.000000;2.000000;2.000000;2.000000;2.000000;2.000000,0.176359;0.180245;0.013429;0.045089;0.058513;0.114589,2.000000;2.000000;2.000000;2.000000;2.000000;2.000000,0,0,0,0,0,0,0,0,0,0,0,0,0,0,0,0,0,0,0,0,0,0,0,0,0,0,0,0,graph_0005__dg,run,0.0,graph_0005,epoch_0002
trace,olsr,1.139261,1.139175,3316,3907,83,933,1851,0.288889,0.015603,98.137577,720,208,29,0,0,824,0.320988,933,70400,4.485577,338.461538,0.900000,15.428571,16.000000,16.000000,16.000000;16.000000;16.000000;16.000000;16.000000;14.000000;14.000000,12,0.829787,1,2.000000;2.000000;2.000000;2.000000;2.000000;2.000000,0.123493;0.491539;5.740084;3.312913;4.309377;0.457552,2.000000;2.000000;2.000000;2.000000;2.000000;2.000000,549,36848,364,32432,0,0,0,0,20,1120,0,0,0,0,0,0,0,0,0,0,0,0,0,0,0,0,0,0,graph_0003__dg,run,0.0,graph_0003,epoch_0001
trace,aodv,1.479853,1.479213,4843,6147,83,1609,2968,0.840278,0.042690,105.111894,720,605,4,56,0,994,0.933642,1609,76956,2.659504,127.200000,0.900000,15.428571,16.000000,16.000000,16.000000;16.000000;16.000000;16.000000;16.000000;14.000000;14.000000,12,0.829787,1,2.000000;2.000000;2.000000;2.000000;2.000000;2.000000,0.123493;0.146177;0.005021;3.251868;1.868539;0.105857,2.000000;2.000000;2.000000;2.000000;2.000000;2.000000,0,0,0,0,0,0,0,0,0,0,1255,60240,120,6240,122,5856,96,4088,14,420,2,112,0,0,0,0,0,0,graph_0003__dg,run,0.0,graph_0003,epoch_0001
trace,static,1.049482,1.049055,3223,3110,83,0,0,0.843056,0.042238,104.403308,720,607,0,0,0,570,0.936728,0,0,0.000000,0.000000,0.900000,15.428571,16.000000,16.000000,16.000000;16.000000;16.000000;16.000000;16.000000;14.000000;14.000000,12,0.829787,1,2.000000;2.000000;2.000000;2.000000;2.000000;2.000000,0.132469;0.184656;0.038802;0.045373;0.058797;0.114833,2.000000;2.000000;2.000000;2.000000;2.000000;2.000000,0,0,0,0,0,0,0,0,0,0,0,0,0,0,0,0,0,0,0,0,0,0,0,0,0,0,0,0,graph_0003__dg,run,0.0,graph_0003,epoch_0001
trace,olsr,1.061358,1.060920,3100,3747,83,928,1859,0.361111,0.018633,95.865122,720,260,25,0,0,779,0.401235,928,70064,3.569231,269.476923,0.900000,15.428571,16.000000,16.000000,16.000000;16.000000;16.000000;16.000000;16.000000;14.000000;14.000000,12,0.829787,1,2.000000;2.000000;2.000000;2.000000;2.000000;2.000000,0.451173;0.491525;nan;2.838791;4.318083;0.442513,2.000000;2.000000;2.000000;2.000000;2.000000;2.000000,551,36996,365,32396,0,0,0,0,12,672,0,0,0,0,0,0,0,0,0,0,0,0,0,0,0,0,0,0,graph_0003__dg,run,0.0,graph_0003,epoch_0003
trace,aodv,1.406193,1.405827,4828,6186,83,1609,2996,0.841667,0.042403,105.073048,720,606,29,56,0,876,0.935185,1609,76686,2.655116,126.544554,0.900000,15.428571,16.000000,16.000000,16.000000;16.000000;16.000000;16.000000;16.000000;14.000000;14.000000,12,0.829787,1,2.000000;2.000000;2.000000;2.000000;2.000000;2.000000,1.129981;0.146177;0.005021;2.358863;0.049821;0.105857,2.000000;2.000000;2.000000;2.000000;2.000000;2.000000,0,0,0,0,0,0,0,0,0,0,1255,60240,110,5720,113,5424,118,4912,13,390,0,0,0,0,0,0,0,0,graph_0003__dg,run,0.0,graph_0003,epoch_0003
trace,static,1.004842,1.004565,3222,3110,83,0,0,0.844444,0.042307,104.411666,720,608,0,0,0,573,0.938272,0,0,0.000000,0.000000,0.900000,15.428571,16.000000,16.000000,16.000000;16.000000;16.000000;16.000000;16.000000;14.000000;14.000000,12,0.829787,1,2.000000;2.000000;2.000000;2.000000;2.000000;2.000000,0.132469;0.181496;0.024100;0.045373;0.058797;0.114833,2.000000;2.000000;2.000000;2.000000;2.000000;2.000000,0,0,0,0,0,0,0,0,0,0,0,0,0,0,0,0,0,0,0,0,0,0,0,0,0,0,0,0,graph_0003__dg,run,0.0,graph_0003,epoch_0003
trace,olsr,1.235922,1.235852,3577,4169,83,944,1880,0.366667,0.018922,101.415697,720,264,62,0,0,814,0.407407,944,71272,3.575758,269.969697,0.900000,15.428571,16.000000,16.000000,16.000000;16.000000;16.000000;16.000000;16.000000;14.000000;14.000000,12,0.829787,1,2.000000;2.000000;2.000000;2.000000;2.000000;2.000000,0.287333;6.454192;6.252876;2.493359;4.818579;0.597377,2.000000;2.000000;2.000000;2.000000;2.000000;2.000000,548,36792,376,33360,0,0,0,0,20,1120,0,0,0,0,0,0,0,0,0,0,0,0,0,0,0,0,0,0,graph_0003__dg,run,0.0,graph_0003,epoch_0004
trace,aodv,1.397288,1.396385,4864,6189,83,1593,2946,0.877778,0.044217,105.646703,720,632,4,56,0,954,0.975309,1593,76148,2.520570,120.487342,0.900000,15.428571,16.000000,16.000000,16.000000;16.000000;16.000000;16.000000;16.000000;14.000000;14.000000,12,0.829787,1,2.000000;2.000000;2.000000;2.000000;2.000000;2.000000,0.123493;0.146177;0.005021;0.027421;0.049821;0.105857,2.000000;2.000000;2.000000;2.000000;2.000000;2.000000,0,0,0,0,0,0,0,0,0,0,1265,60720,109,5668,115,5520,92,3880,12,360,0,0,0,0,0,0,0,0,graph_0003__dg,run,0.0,graph_0003,epoch_0004
trace,static,0.975061,0.975005,3222,3110,83,0,0,0.844444,0.042310,104.411695,720,608,0,0,0,566,0.938272,0,0,0.000000,0.000000,0.900000,15.428571,16.000000,16.000000,16.000000;16.000000;16.000000;16.000000;16.000000;14.000000;14.000000,12,0.829787,1,2.000000;2.000000;2.000000;2.000000;2.000000;2.000000,0.132469;0.187976;0.027096;0.045373;0.058797;0.114833,2.000000;2.000000;2.000000;2.000000;2.000000;2.000000,0,0,0,0,0,0,0,0,0,0,0,0,0,0,0,0,0,0,0,0,0,0,0,0,0,0,0,0,graph_0003__dg,run,0.0,graph_0003,epoch_0004
trace,olsr,1.150695,1.149296,3258,3871,83,934,1853,0.288889,0.014783,102.670417,720,208,54,0,0,823,0.320988,934,70128,4.490385,337.153846,0.900000,15.428571,16.000000,16.000000,16.000000;16.000000;16.000000;16.000000;16.000000;14.000000;14.000000,12,0.829787,1,2.000000;2.000000;2.000000;2.000000;2.000000;2.000000,2.608321;2.120963;nan;2.994209;4.481923;0.292352,2.000000;2.000000;2.000000;2.000000;2.000000;2.000000,557,37432,357,31576,0,0,0,0,20,1120,0,0,0,0,0,0,0,0,0,0,0,0,0,0,0,0,0,0,graph_0003__dg,run,0.0,graph_0003,epoch_0005
trace,aodv,1.476726,1.476163,4839,6187,83,1575,2952,0.877778,0.044222,105.563379,720,632,3,56,0,932,0.975309,1575,75312,2.492089,119.164557,0.900000,15.428571,16.000000,16.000000,16.000000;16.000000;16.000000;16.000000;16.000000;14.000000;14.000000,12,0.829787,1,2.000000;2.000000;2.000000;2.000000;2.000000;2.000000,0.123493;0.146177;0.005021;0.028841;0.049821;0.105857,2.000000;2.000000;2.000000;2.000000;2.000000;2.000000,0,0,0,0,0,0,0,0,0,0,1265,60720,102,5304,109,5232,87,3696,12,360,0,0,0,0,0,0,0,0,graph_0003__dg,run,0.0,graph_0003,epoch_0005
trace,static,1.040801,1.040287,3223,3111,83,0,0,0.844444,0.042309,104.411705,720,608,0,0,0,571,0.938272,0,0,0.000000,0.000000,0.900000,15.428571,16.000000,16.000000,16.000000;16.000000;16.000000;16.000000;16.000000;14.000000;14.000000,12,0.829787,1,2.000000;2.000000;2.000000;2.000000;2.000000;2.000000,0.132469;0.186456;0.029056;0.045373;0.058797;0.114833,2.000000;2.000000;2.000000;2.000000;2.000000;2.000000,0,0,0,0,0,0,0,0,0,0,0,0,0,0,0,0,0,0,0,0,0,0,0,0,0,0,0,0,graph_0003__dg,run,0.0,graph_0003,epoch_0005
trace,olsr,1.266143,1.265202,3696,4315,83,932,1878,0.443056,0.022670,100.028002,720,319,36,0,0,898,0.492284,932,70744,2.921630,221.768025,0.900000,15.428571,16.000000,16.000000,16.000000;16.000000;16.000000;16.000000;16.000000;14.000000;14.000000,12,0.829787,1,2.000000;2.000000;2.000000;2.000000;2.000000;2.000000,0.123493;0.482833;6.084769;2.495879;4.473217;0.433537,2.000000;2.000000;2.000000;2.000000;2.000000;2.000000,550,36856,366,32992,0,0,0,0,16,896,0,0,0,0,0,0,0,0,0,0,0,0,0,0,0,0,0,0,graph_0003__dg,run,0.0,graph_0003,epoch_0002
trace,aodv,1.429225,1.428976,4863,6208,83,1602,2995,0.850000,0.042819,104.683549,720,612,4,56,0,932,0.944444,1602,76586,2.617647,125.140523,0.900000,15.428571,16.000000,16.000000,16.000000;16.000000;16.000000;16.000000;16.000000;14.000000;14.000000,12,0.829787,1,2.000000;2.000000;2.000000;2.000000;2.000000;2.000000,0.123493;0.146177;0.005021;3.255582;1.691679;0.105857,2.000000;2.000000;2.000000;2.000000;2.000000;2.000000,0,0,0,0,0,0,0,0,0,0,1259,60432,117,6084,115,5520,98,4160,13,390,0,0,0,0,0,0,0,0,graph_0003__dg,run,0.0,graph_0003,epoch_0002
trace,static,1.001420,1.000929,3222,3110,83,0,0,0.844444,0.042307,104.411648,720,608,0,0,0,570,0.938272,0,0,0.000000,0.000000,0.900000,15.428571,16.000000,16.000000,16.000000;16.000000;16.000000;16.000000;16.000000;14.000000;14.000000,12,0.829787,1,2.000000;2.000000;2.000000;2.000000;2.000000;2.000000,0.132469;0.177976;0.032016;0.045373;0.058797;0.114833,2.000000;2.000000;2.000000;2.000000;2.000000;2.000000,0,0,0,0,0,0,0,0,0,0,0,0,0,0,0,0,0,0,0,0,0,0,0,0,0,0,0,0,graph_0003__dg,run,0.0,graph_0003,epoch_0002
