condition,protocol,deadline_s,realizations,deadline_pdr_mean,deadline_pdr_median,deadline_pdr_sample_sd_ddof1,per_realization_values,source
path_life_0.5_stability_0.0,olsr,0.5,5,0.7711111111111111,0.7722222222222223,0.007505142270059064,0.77222222;0.76111111;0.77500000;0.78055556;0.76666667,simple-graph-experiments-v2/phase6/6A/corrected_6a_realizations.csv
path_life_0.5_stability_0.0,olsr,1,5,0.7711111111111111,0.7722222222222223,0.007505142270059064,0.77222222;0.76111111;0.77500000;0.78055556;0.76666667,simple-graph-experiments-v2/phase6/6A/corrected_6a_realizations.csv
path_life_0.5_stability_0.0,olsr,2,5,0.7711111111111111,0.7722222222222223,0.007505142270059064,0.77222222;0.76111111;0.77500000;0.78055556;0.76666667,simple-graph-experiments-v2/phase6/6A/corrected_6a_realizations.csv
path_life_0.5_stability_0.0,aodv,0.5,5,0.7377777777777778,0.7416666666666667,0.013551456575167192,0.75555556;0.74166667;0.73055556;0.71944444;0.74166667,simple-graph-experiments-v2/phase6/6A/corrected_6a_realizations.csv
path_life_0.5_stability_0.0,aodv,1,5,0.8705555555555555,0.8694444444444445,0.010865337342004414,0.88611111;0.86944444;0.86944444;0.85555556;0.87222222,simple-graph-experiments-v2/phase6/6A/corrected_6a_realizations.csv
path_life_0.5_stability_0.0,aodv,2,5,0.8855555555555555,0.8861111111111111,0.007954345035153543,0.89166667;0.88611111;0.88611111;0.87222222;0.89166667,simple-graph-experiments-v2/phase6/6A/corrected_6a_realizations.csv
path_life_0.5_stability_0.0,static,0.5,5,0.36777777777777776,0.36666666666666664,0.0015214515486254865,0.36944444;0.36944444;0.36666667;0.36666667;0.36666667,simple-graph-experiments-v2/phase6/6A/corrected_6a_realizations.csv
path_life_0.5_stability_0.0,static,1,5,0.36777777777777776,0.36666666666666664,0.0015214515486254865,0.36944444;0.36944444;0.36666667;0.36666667;0.36666667,simple-graph-experiments-v2/phase6/6A/corrected_6a_realizations.csv
path_life_0.5_stability_0.0,static,2,5,0.36777777777777776,0.36666666666666664,0.0015214515486254865,0.36944444;0.36944444;0.36666667;0.36666667;0.36666667,simple-graph-experiments-v2/phase6/6A/corrected_6a_realizations.csv
path_life_0.7_stability_0.8,olsr,0.5,5,0.8038888888888889,0.8027777777777778,0.005046083923495801,0.80277778;0.80277778;0.81111111;0.80555556;0.79722222,simple-graph-experiments-v2/phase6/6A/corrected_6a_realizations.csv
path_life_0.7_stability_0.8,olsr,1,5,0.8038888888888889,0.8027777777777778,0.005046083923495801,0.80277778;0.80277778;0.81111111;0.80555556;0.79722222,simple-graph-experiments-v2/phase6/6A/corrected_6a_realizations.csv
path_life_0.7_stability_0.8,olsr,2,5,0.8038888888888889,0.8027777777777778,0.005046083923495801,0.80277778;0.80277778;0.81111111;0.80555556;0.79722222,simple-graph-experiments-v2/phase6/6A/corrected_6a_realizations.csv
path_life_0.7_stability_0.8,aodv,0.5,5,0.6872222222222222,0.6888888888888889,0.035821488136950415,0.63333333;0.71944444;0.71944444;0.67500000;0.68888889,simple-graph-experiments-v2/phase6/6A/corrected_6a_realizations.csv
path_life_0.7_stability_0.8,aodv,1,5,0.7483333333333333,0.7416666666666667,0.033194153880643694,0.70277778;0.77500000;0.78611111;0.73611111;0.74166667,simple-graph-experiments-v2/phase6/6A/corrected_6a_realizations.csv
path_life_0.7_stability_0.8,aodv,2,5,0.8211111111111111,0.8111111111111111,0.016386534670836252,0.80833333;0.84166667;0.83611111;0.81111111;0.80833333,simple-graph-experiments-v2/phase6/6A/corrected_6a_realizations.csv
path_life_0.7_stability_0.8,static,0.5,5,0.6611111111111111,0.6611111111111111,0.0,0.66111111;0.66111111;0.66111111;0.66111111;0.66111111,simple-graph-experiments-v2/phase6/6A/corrected_6a_realizations.csv
path_life_0.7_stability_0.8,static,1,5,0.6611111111111111,0.6611111111111111,0.0,0.66111111;0.66111111;0.66111111;0.66111111;0.66111111,simple-graph-experiments-v2/phase6/6A/corrected_6a_realizations.csv
path_life_0.7_stability_0.8,static,2,5,0.6611111111111111,0.6611111111111111,0.0,0.66111111;0.66111111;0.66111111;0.66111111;0.66111111,simple-graph-experiments-v2/phase6/6A/corrected_6a_realizations.csv
path_life_0.9_stability_0.8,olsr,0.5,5,0.9572222222222223,0.9555555555555556,0.0024845199749997577,0.95833333;0.96111111;0.95555556;0.95555556;0.95555556,simple-graph-experiments-v2/phase6/6A/corrected_6a_realizations.csv
path_life_0.9_stability_0.8,olsr,1,5,0.9572222222222223,0.9555555555555556,0.0024845199749997577,0.95833333;0.96111111;0.95555556;0.95555556;0.95555556,simple-graph-experiments-v2/phase6/6A/corrected_6a_realizations.csv
path_life_0.9_stability_0.8,olsr,2,5,0.9572222222222223,0.9555555555555556,0.0024845199749997577,0.95833333;0.96111111;0.95555556;0.95555556;0.95555556,simple-graph-experiments-v2/phase6/6A/corrected_6a_realizations.csv
path_life_0.9_stability_0.8,aodv,0.5,5,0.9555555555555556,0.9555555555555556,0.0019641855032959976,0.95833333;0.95555556;0.95277778;0.95555556;0.95555556,simple-graph-experiments-v2/phase6/6A/corrected_6a_realizations.csv
path_life_0.9_stability_0.8,aodv,1,5,0.9833333333333333,0.9833333333333333,0.0,0.98333333;0.98333333;0.98333333;0.98333333;0.98333333,simple-graph-experiments-v2/phase6/6A/corrected_6a_realizations.csv
path_life_0.9_stability_0.8,aodv,2,5,0.9833333333333333,0.9833333333333333,0.0,0.98333333;0.98333333;0.98333333;0.98333333;0.98333333,simple-graph-experiments-v2/phase6/6A/corrected_6a_realizations.csv
path_life_0.9_stability_0.8,static,0.5,5,0.8694444444444445,0.8694444444444445,0.0,0.86944444;0.86944444;0.86944444;0.86944444;0.86944444,simple-graph-experiments-v2/phase6/6A/corrected_6a_realizations.csv
path_life_0.9_stability_0.8,static,1,5,0.8694444444444445,0.8694444444444445,0.0,0.86944444;0.86944444;0.86944444;0.86944444;0.86944444,simple-graph-experiments-v2/phase6/6A/corrected_6a_realizations.csv
path_life_0.9_stability_0.8,static,2,5,0.8694444444444445,0.8694444444444445,0.0,0.86944444;0.86944444;0.86944444;0.86944444;0.86944444,simple-graph-experiments-v2/phase6/6A/corrected_6a_realizations.csv
