kind,t
tx,45.100000
tx,45.263840
tx,45.427680
tx,45.591520
tx,45.755360
tx,45.919200
tx,46.083040
tx,46.246880
tx,46.410720
tx,46.574560
tx,46.738400
tx,46.902240
tx,47.066080
tx,47.229920
tx,47.393760
tx,47.557600
tx,47.721440
tx,47.885280
tx,48.049120
tx,48.212960
tx,48.376800
tx,48.540640
tx,48.704480
tx,48.868320
tx,49.032160
tx,49.196000
tx,49.359840
tx,49.523680
tx,49.687520
tx,49.851360
tx,50.015200
tx,50.179040
tx,50.342880
tx,50.506720
tx,50.670560
tx,50.834400
tx,50.998240
tx,51.162080
tx,51.325920
tx,51.489760
tx,51.653600
tx,51.817440
tx,51.981280
tx,52.145120
tx,52.308960
tx,52.472800
tx,52.636640
tx,52.800480
tx,52.964320
tx,53.128160
tx,53.292000
tx,53.455840
tx,53.619680
tx,53.783520
tx,53.947360
tx,54.111200
tx,54.275040
tx,54.438880
tx,54.602720
tx,54.766560
tx,54.930400
tx,55.094240
tx,55.258080
tx,55.421920
tx,55.585760
tx,55.749600
tx,55.913440
tx,56.077280
tx,56.241120
tx,56.404960
tx,56.568800
tx,56.732640
tx,56.896480
tx,57.060320
tx,57.224160
tx,57.388000
tx,57.551840
tx,57.715680
tx,57.879520
tx,58.043360
tx,58.207200
tx,58.371040
tx,58.534880
tx,58.698720
tx,58.862560
tx,59.026400
tx,59.190240
tx,59.354080
tx,59.517920
tx,59.681760
tx,59.845600
tx,60.009440
tx,60.173280
tx,60.337120
tx,60.500960
tx,60.664800
tx,60.828640
tx,60.992480
tx,61.156320
tx,61.320160
tx,61.484000
tx,61.647840
tx,61.811680
tx,61.975520
tx,62.139360
tx,62.303200
tx,62.467040
tx,62.630880
tx,62.794720
tx,62.958560
tx,63.122400
tx,63.286240
tx,63.450080
tx,63.613920
tx,63.777760
tx,63.941600
tx,64.105440
tx,64.269280
tx,64.433120
tx,64.596960
tx,64.760800
tx,64.924640
tx,65.088480
tx,65.252320
tx,65.416160
tx,65.580000
tx,65.743840
tx,65.907680
tx,66.071520
tx,66.235360
tx,66.399200
tx,66.563040
tx,66.726880
tx,66.890720
tx,67.054560
tx,67.218400
tx,67.382240
tx,67.546080
tx,67.709920
tx,67.873760
tx,68.037600
tx,68.201440
tx,68.365280
tx,68.529120
tx,68.692960
tx,68.856800
tx,69.020640
tx,69.184480
tx,69.348320
tx,69.512160
tx,69.676000
tx,69.839840
tx,70.003680
tx,70.167520
tx,70.331360
tx,70.495200
tx,70.659040
tx,70.822880
tx,70.986720
tx,71.150560
tx,71.314400
tx,71.478240
tx,71.642080
tx,71.805920
tx,71.969760
tx,72.133600
tx,72.297440
tx,72.461280
tx,72.625120
tx,72.788960
tx,72.952800
tx,73.116640
tx,73.280480
tx,73.444320
tx,73.608160
tx,73.772000
tx,73.935840
tx,74.099680
tx,74.263520
tx,74.427360
tx,74.591200
tx,74.755040
tx,74.918880
tx,75.082720
tx,75.246560
tx,75.410400
tx,75.574240
tx,75.738080
tx,75.901920
tx,76.065760
tx,76.229600
tx,76.393440
tx,76.557280
tx,76.721120
tx,76.884960
tx,77.048800
tx,77.212640
tx,77.376480
tx,77.540320
tx,77.704160
tx,77.868000
tx,78.031840
tx,78.195680
tx,78.359520
tx,78.523360
tx,78.687200
tx,78.851040
tx,79.014880
tx,79.178720
tx,79.342560
tx,79.506400
tx,79.670240
tx,79.834080
tx,79.997920
tx,80.161760
tx,80.325600
tx,80.489440
tx,80.653280
tx,80.817120
tx,80.980960
tx,81.144800
tx,81.308640
tx,81.472480
tx,81.636320
tx,81.800160
tx,81.964000
tx,82.127840
tx,82.291680
tx,82.455520
tx,82.619360
tx,82.783200
tx,82.947040
tx,83.110880
tx,83.274720
tx,83.438560
tx,83.602400
tx,83.766240
tx,83.930080
tx,84.093920
tx,84.257760
tx,84.421600
tx,84.585440
tx,84.749280
tx,84.913120
tx,85.076960
tx,85.240800
tx,85.404640
tx,85.568480
tx,85.732320
tx,85.896160
tx,86.060000
tx,86.223840
tx,86.387680
tx,86.551520
tx,86.715360
tx,86.879200
tx,87.043040
tx,87.206880
tx,87.370720
tx,87.534560
tx,87.698400
tx,87.862240
tx,88.026080
tx,88.189920
tx,88.353760
tx,88.517600
tx,88.681440
tx,88.845280
tx,89.009120
tx,89.172960
tx,89.336800
tx,89.500640
tx,89.664480
tx,89.828320
tx,89.992160
tx,90.156000
tx,90.319840
tx,90.483680
tx,90.647520
tx,90.811360
tx,90.975200
tx,91.139040
tx,91.302880
tx,91.466720
tx,91.630560
tx,91.794400
tx,91.958240
tx,92.122080
tx,92.285920
tx,92.449760
tx,92.613600
tx,92.777440
tx,92.941280
tx,93.105120
tx,93.268960
tx,93.432800
tx,93.596640
tx,93.760480
tx,93.924320
tx,94.088160
tx,94.252000
tx,94.415840
tx,94.579680
tx,94.743520
tx,94.907360
tx,95.071200
tx,95.235040
tx,95.398880
tx,95.562720
tx,95.726560
tx,95.890400
tx,96.054240
tx,96.218080
tx,96.381920
tx,96.545760
tx,96.709600
tx,96.873440
tx,97.037280
tx,97.201120
tx,97.364960
tx,97.528800
tx,97.692640
tx,97.856480
tx,98.020320
tx,98.184160
tx,98.348000
tx,98.511840
tx,98.675680
tx,98.839520
tx,99.003360
tx,99.167200
tx,99.331040
tx,99.494880
tx,99.658720
tx,99.822560
tx,99.986400
tx,100.150240
tx,100.314080
tx,100.477920
tx,100.641760
tx,100.805600
tx,100.969440
tx,101.133280
tx,101.297120
tx,101.460960
tx,101.624800
tx,101.788640
tx,101.952480
tx,102.116320
tx,102.280160
tx,102.444000
tx,102.607840
tx,102.771680
tx,102.935520
tx,103.099360
tx,103.263200
tx,103.427040
tx,103.590880
tx,103.754720
tx,103.918560
rx,49.095854
rx,49.197093
rx,49.360933
rx,49.524773
rx,49.688613
rx,49.852453
rx,50.016293
rx,50.180133
rx,50.343973
rx,50.507813
rx,50.671653
rx,50.835493
rx,50.999333
rx,51.163173
rx,51.327013
rx,51.490853
rx,51.654693
rx,51.818533
rx,51.982373
rx,52.146213
rx,52.310053
rx,52.473893
rx,52.637733
rx,52.801573
rx,52.965413
rx,53.129253
rx,53.293093
rx,53.456933
rx,53.620773
rx,53.784613
rx,53.948453
rx,54.112293
rx,54.276133
rx,54.439973
rx,54.603813
rx,54.767653
rx,54.931493
rx,55.095333
rx,55.259173
rx,55.423013
rx,55.586853
rx,55.750693
rx,55.914533
rx,56.078373
rx,56.242213
rx,56.406053
rx,56.569893
rx,56.733733
rx,56.897573
rx,61.157413
rx,61.321253
rx,61.485093
rx,61.648933
rx,61.812773
rx,61.976613
rx,62.140453
rx,62.304293
rx,62.468133
rx,62.631973
rx,62.795813
rx,62.959653
rx,63.123493
rx,63.287333
rx,63.451173
rx,63.615013
rx,63.778853
rx,63.942693
rx,64.106533
rx,64.270373
rx,64.434213
rx,64.598053
rx,64.761893
rx,64.925733
rx,65.089573
rx,65.253413
rx,65.417253
rx,65.581093
rx,65.744933
rx,65.908773
rx,71.151653
rx,71.315493
rx,71.479333
rx,71.643173
rx,71.807013
rx,71.970853
rx,72.134693
rx,72.298533
rx,72.462373
rx,72.626213
rx,72.790053
rx,72.953893
rx,73.117733
rx,73.281573
rx,73.445413
rx,73.609253
rx,73.773093
rx,73.936933
rx,74.100773
rx,74.264613
rx,74.428453
rx,74.592293
rx,74.756133
rx,74.919973
rx,75.083813
rx,75.247653
rx,75.411493
rx,75.575333
rx,75.739173
rx,75.903013
rx,81.145893
rx,81.309733
rx,81.473573
rx,81.637413
rx,81.801253
rx,81.965093
rx,82.128933
rx,82.292773
rx,82.456613
rx,82.620453
rx,82.784293
rx,82.948133
rx,87.044133
rx,87.207973
rx,87.371813
rx,87.535653
rx,87.699493
rx,87.863333
rx,88.027173
rx,88.191013
rx,88.354853
rx,88.518693
rx,88.682533
rx,88.846373
rx,89.010213
rx,89.174053
rx,89.337893
rx,89.501733
rx,89.665573
rx,89.829413
rx,89.993253
rx,90.157093
rx,90.320933
rx,90.484773
rx,90.648613
rx,90.812453
rx,90.976293
rx,91.140133
rx,91.303973
rx,91.467813
rx,91.631653
rx,91.795493
rx,91.959333
rx,96.055333
rx,96.219173
rx,96.383013
rx,96.546853
rx,96.710693
rx,96.874533
rx,97.038373
rx,97.202213
rx,97.366053
rx,97.529893
rx,97.693733
rx,97.857573
rx,98.021413
rx,98.185253
rx,98.349093
rx,98.512933
rx,98.676773
rx,98.840613
rx,99.004453
rx,99.168293
rx,99.332133
rx,99.495973
rx,99.659813
rx,99.823653
rx,99.987493
rx,100.151333
rx,100.315173
rx,100.479013
rx,100.642853
rx,100.806693
rx,100.970533
