frame_index,downloss_125,downloss_200,downloss_1000000
0,110,110,110
1,0,0,0
2,182,182,182
3,0,0,0
4,182,182,182
5,0,0,0
6,181,181,181
7,0,0,0
8,180,180,180
9,0,0,0
10,183,183,183
11,0,0,0
12,180,180,180
13,0,0,0
14,182,182,182
15,0,0,0
16,181,181,181
17,0,0,0
18,183,183,183
19,0,0,0
20,182,182,182
21,0,0,0
22,183,183,183
23,0,0,0
24,182,182,182
25,0,0,0
26,182,182,182
27,0,0,0
28,182,182,182
29,0,0,0
30,182,182,182
31,0,0,0
32,182,182,182
33,0,0,0
34,183,183,183
35,0,0,0
36,182,182,182
37,0,0,0
38,182,182,182
39,0,0,0
40,182,182,182
41,0,0,0
42,182,182,182
43,0,0,0
44,182,182,182
45,0,0,0
46,183,183,183
47,0,0,0
48,183,183,183
49,0,0,0
50,182,182,182
51,0,0,0
52,183,183,183
53,0,0,0
54,183,183,183
55,0,0,0
56,182,182,182
57,0,0,0
58,181,181,181
59,0,0,0
