frames,life,stability,up_count_round,down_count,target_up_runs_clean_head,distinct_valid_timelines_analytic,log10_distinct_count,mean_hamming_certified_upper_bound,hamming_value_kind,five_valid_timeline_witnesses,five_witness_mean_pairwise_hamming,witness_exceeds_0_10,at_least_five_solutions,hamming_upper_bound_exceeds_0_10,stop_infeasible_by_preregistered_rule,count_method,source_has_down_count_plus_one_cap
60,0.3,0.0,18,42,18,608359048206,11.784159971757113,0.5,certified upper bound from quota only; exact maximum not enumerated,"[""010010000010010010010101000100001010010010100100010000000101"",""100001000010100101001000001000100101000001010010100100100001"",""010100010000010100000100010010100010010010010010100100100010"",""100010010101000001010101000100001000000101000100101001010000"",""001000100101010100000000101010010010010010010100100000001010""]",0.43,True,True,True,False,stars-and-bars analytic count; valid strings have exact rounded up quota and exact up-run target,False
60,0.3,0.4,18,42,11,111864980579352,14.048694151573455,0.5,certified upper bound from quota only; exact maximum not enumerated,"[""000100110010000000001110010000010100000010011011110010000000"",""001001100100000011010000111000011000011000010110000000010000"",""001011100111101100000000000001010101000000000100001000110000"",""000010011010001000100000100110000000011100111000000000110100"",""000011000110000000110010100010010001110000110000000110010000""]",0.4033333333333333,True,True,True,False,stars-and-bars analytic count; valid strings have exact rounded up quota and exact up-run target,False
60,0.3,0.8,18,42,4,83918800,7.923859265019815,0.5,certified upper bound from quota only; exact maximum not enumerated,"[""111111000000110000000001111000000000000011111100000000000000"",""111100000000000000000001111111111001000000011100000000000000"",""100001111111111111000000000000000000000000000000000001100011"",""100000111111111111001111000000000000000000000000000100000000"",""111000000000000000000000000000000000111111011100000000111111""]",0.42,True,True,True,False,stars-and-bars analytic count; valid strings have exact rounded up quota and exact up-run target,False
60,0.5,0.0,30,30,30,31,1.4913616938342726,0.6,certified upper bound from quota only; exact maximum not enumerated,"[""101001010101010101010101010101010101010101010101010101010101"",""101010101010101010101010101010101010101010101010101010101001"",""101010101010101010101010101010101010101010101010010101010101"",""010101010101010101010101010101010101010101010101010101010101"",""101010101010101010101010101010101010101010101010101010101010""]",0.58,True,True,True,False,stars-and-bars analytic count; valid strings have exact rounded up quota and exact up-run target,False
60,0.5,0.4,30,30,18,10703696173750125,16.02953377307542,0.6,certified upper bound from quota only; exact maximum not enumerated,"[""101010111100011101100001111100101101010010001100100101000101"",""010001111111011110001101001010010100101101010100011010010010"",""010011100011000101101000010110110010010011010111110101010110"",""101010101000100101001011101001111001100110111001000000111101"",""011010100110111010111010010010011001000110000111101001011010""]",0.53,True,True,True,False,stars-and-bars analytic count; valid strings have exact rounded up quota and exact up-run target,False
60,0.5,0.8,30,30,7,1249100716500,12.096597457474784,0.6,certified upper bound from quota only; exact maximum not enumerated,"[""000000001111011110111110001111110000000111110011110000011000"",""000000110000011000111110000011111111110000101111111110000100"",""111111001111110111111110000111000011110000000000000000010011"",""100100001111111011110001111111000000000000001111111110000100"",""100000000000001111100000000101100111111111111111100001100111""]",0.5033333333333333,True,True,True,False,stars-and-bars analytic count; valid strings have exact rounded up quota and exact up-run target,False
60,0.7,0.0,42,18,42,0,-inf,0.5,certified upper bound from quota only; exact maximum not enumerated,[],0.0,False,False,True,True,stars-and-bars analytic count; valid strings have exact rounded up quota and exact up-run target,False
60,0.7,0.4,42,18,26,0,-inf,0.5,certified upper bound from quota only; exact maximum not enumerated,[],0.0,False,False,True,True,stars-and-bars analytic count; valid strings have exact rounded up quota and exact up-run target,False
60,0.7,0.8,42,18,9,8826555776610,12.945791269940496,0.5,certified upper bound from quota only; exact maximum not enumerated,"[""001111110000111111111011111000100111110010111101111111001111"",""111111111101101111101011111111101111111111000100000001100110"",""001111110000111100110111110011111111101111011111100011101110"",""111111111100000101100001101111111110011011111110111101111100"",""001001100110010011100001111111111111110111101011111111111110""]",0.4,True,True,True,False,stars-and-bars analytic count; valid strings have exact rounded up quota and exact up-run target,False
120,0.3,0.0,36,84,36,1244981450259157662259650,24.095162880660588,0.5,certified upper bound from quota only; exact maximum not enumerated,"[""010001000100001001001001010000100010001001010010101000101010100100010101001001000100100101000100100000000010010100100000"",""001000000100010101010100000000101010001000000100001010101010101010010000000001010010010000001000100101010000101010101010"",""000001010100001001001001010101010101000100101010100000000101000100000010101010001000001001000101001001010001000001001000"",""100010001000101000010000101000000100100101000010100100101010000101000001001000100010101010100010000100101000100010000101"",""100010001000101001000100000100010101010001010000000100101010100000100000001001010010100100010100101010101000010001000010""]",0.41500000000000004,True,True,True,False,stars-and-bars analytic count; valid strings have exact rounded up quota and exact up-run target,False
120,0.3,0.4,36,84,22,293278189642330420512372960000,29.46727976679854,0.5,certified upper bound from quota only; exact maximum not enumerated,"[""111010100001000000110100000100000011100100000001010011100101100100000111100000000010010000000000000000001011000001110001"",""100001001000000010011000100001000110100100010000011000011011110000000000000000100001000110000011101100011011000110000000"",""001000000000001000000000011000000000000000000100110101011010001100001110111000000110010100011000001000101110110110001000"",""100000000000010100000000001000110001000011110110000000000000000110010100001100001000000100001110110010110111000010110010"",""011001001100001010000001000000000000001110000000000011000100110111001100100100000001011000001001001110001001000111000000""]",0.4166666666666667,True,True,True,False,stars-and-bars analytic count; valid strings have exact rounded up quota and exact up-run target,False
120,0.3,0.8,36,84,8,323614239197792400,17.5100276225477,0.5,certified upper bound from quota only; exact maximum not enumerated,"[""111100111000000000000001111110000000000000000000000000000000000000000000001000111111111101111111000000000000100000001111"",""111101111111110000000011111100000000110000000000111111111000001000000000001110000000000000000000000000000011000000000000"",""000001111110011111111000000000000000110001000000000000110000001111000000011111110000000000000000000000001111110000000000"",""111111100001110000000000000000011111110000000111111000000000010000000000000000011000000000000000111111110000000000000011"",""001000001100000011100000011100000000000010000111111111111110000000000000000000011111111111000000000000000000000000000001""]",0.4083333333333333,True,True,True,False,stars-and-bars analytic count; valid strings have exact rounded up quota and exact up-run target,False
120,0.5,0.0,60,60,60,61,1.7853298350107671,0.6,certified upper bound from quota only; exact maximum not enumerated,"[""101010101010101010101010101010101010101010101010101001010101010101010101010101010101010101010101010101010101010101010101"",""101010101010100101010101010101010101010101010101010101010101010101010101010101010101010101010101010101010101010101010101"",""101010101010101010101010101010101010101010101010101010101010101010101001010101010101010101010101010101010101010101010101"",""101010101010101010101010101010101010101010101010101010101010101010101010101010101010101010101010101010101010101010101010"",""010101010101010101010101010101010101010101010101010101010101010101010101010101010101010101010101010101010101010101010101""]",0.49333333333333335,True,True,True,False,stars-and-bars analytic count; valid strings have exact rounded up quota and exact up-run target,False
120,0.5,0.4,60,60,36,1902870077593125142439497038077235,33.27940913694147,0.6,certified upper bound from quota only; exact maximum not enumerated,"[""101100010110000001101010010101001001100010110111010011011011010111000111010100010110010000010111010010111001110111101001"",""110101010000001011101100000011011110101010011101000110000010000101101111011101010100110011010101010101011101110010100110"",""011011010111001110100110110011010000101100101101111101010010011001001100111001000101001001001110100101011001001110000101"",""011011010011010110010110111011010101111011000110001101110101000010100110101111010010011010000000111101010100100100010010"",""100100111010001011101110101011001100111101101011010110101001101100101101011100001001100100000110110101000111000010010001""]",0.48333333333333334,True,True,True,False,stars-and-bars analytic count; valid strings have exact rounded up quota and exact up-run target,False
120,0.5,0.8,60,60,13,7350800972159737295248500,24.86633466409596,0.6,certified upper bound from quota only; exact maximum not enumerated,"[""111110010111100001110000000111111111111111110000001000000000011100111110100001111100111000000011100000111111111000000000"",""000100000011111100011000000000011111111111111110000001111000001000000010000010000011000111001111001111111100011111111111"",""111001111111100000011000110000111110000000000000000011111101011111111000011111111000001111111111111000000000100000100011"",""111001111111111111100000110000000100000111111000000011110000001011111111110010000001111000001100000000001111111100001111"",""111110000000010100001100011111010001110000001111111111100000000000000111111100000111111011001111100111111111110000000000""]",0.52,True,True,True,False,stars-and-bars analytic count; valid strings have exact rounded up quota and exact up-run target,False
120,0.7,0.0,84,36,84,0,-inf,0.5,certified upper bound from quota only; exact maximum not enumerated,[],0.0,False,False,True,True,stars-and-bars analytic count; valid strings have exact rounded up quota and exact up-run target,False
120,0.7,0.4,84,36,51,0,-inf,0.5,certified upper bound from quota only; exact maximum not enumerated,[],0.0,False,False,True,True,stars-and-bars analytic count; valid strings have exact rounded up quota and exact up-run target,False
120,0.7,0.8,84,36,18,3601332440851846551457414500,27.556463213168993,0.5,certified upper bound from quota only; exact maximum not enumerated,"[""010111110010000111111111011111000111100000011111011110111011001111111111111111111001111111110011101000011111001111110101"",""000010001111111111100101110110111010111001111111111111111110100000110111111101011111000001111111111001110111111111101100"",""101100011000111111100011111011111111111111111011111100100011011110111101111110001111000001111100111111111110001011111001"",""000010000110001111011111110101011111111101111111100110101110111011011000111111111111011100011111111111000011111111111100"",""011100111111100111101010011110111100011111000111111101111111111110001101111101111111011011111111000011100001111111011000""]",0.41833333333333333,True,True,True,False,stars-and-bars analytic count; valid strings have exact rounded up quota and exact up-run target,False
