trials,seed,N,frames,path_life,stability,persistency,up_pool_frames,up_pool_groups,down_pool_frames,s_r_bits,realized_uptime,transitions,wall_seconds,pool_empty,pool_tiny_lt5
500,42,92,120,0.5,0.8,0.9,463,427,37,111110000011111000001111100000111110000011111000001111100000111110000011111000001111000001111000001111000001111000001111,0.5,24,0.09785652699065395,False,False
500,43,92,120,0.5,0.8,0.9,454,429,46,111110000011111000001111100000111110000011111000001111100000111110000011111000001111000001111000001111000001111000001111,0.5,24,0.10598908699466847,False,False
500,44,92,120,0.5,0.8,0.9,469,426,31,111110000011111000001111100000111110000011111000001111100000111110000011111000001111000001111000001111000001111000001111,0.5,24,0.18241261600633152,False,False
500,45,92,120,0.5,0.8,0.9,461,431,39,111110000011111000001111100000111110000011111000001111100000111110000011111000001111000001111000001111000001111000001111,0.5,24,0.11805276200175285,False,False
500,46,92,120,0.5,0.8,0.9,453,423,47,111110000011111000001111100000111110000011111000001111100000111110000011111000001111000001111000001111000001111000001111,0.5,24,0.12230282402015291,False,False
2000,42,92,120,0.5,0.8,0.9,1836,1457,164,111110000011111000001111100000111110000011111000001111100000111110000011111000001111000001111000001111000001111000001111,0.5,24,0.5062516190228052,False,False
2000,43,92,120,0.5,0.8,0.9,1835,1494,165,111110000011111000001111100000111110000011111000001111100000111110000011111000001111000001111000001111000001111000001111,0.5,24,0.4486543899984099,False,False
2000,44,92,120,0.5,0.8,0.9,1836,1452,164,111110000011111000001111100000111110000011111000001111100000111110000011111000001111000001111000001111000001111000001111,0.5,24,0.3468994429858867,False,False
2000,45,92,120,0.5,0.8,0.9,1849,1474,151,111110000011111000001111100000111110000011111000001111100000111110000011111000001111000001111000001111000001111000001111,0.5,24,0.45280785200884566,False,False
2000,46,92,120,0.5,0.8,0.9,1816,1480,184,111110000011111000001111100000111110000011111000001111100000111110000011111000001111000001111000001111000001111000001111,0.5,24,0.3542186910053715,False,False
10000,42,92,120,0.5,0.8,0.9,9166,5214,834,111110000011111000001111100000111110000011111000001111100000111110000011111000001111000001111000001111000001111000001111,0.5,24,2.0861082669871394,False,False
10000,43,92,120,0.5,0.8,0.9,9196,5229,804,111110000011111000001111100000111110000011111000001111100000111110000011111000001111000001111000001111000001111000001111,0.5,24,2.1348356009984855,False,False
10000,44,92,120,0.5,0.8,0.9,9173,5173,827,111110000011111000001111100000111110000011111000001111100000111110000011111000001111000001111000001111000001111000001111,0.5,24,1.987217369984137,False,False
10000,45,92,120,0.5,0.8,0.9,9199,5297,801,111110000011111000001111100000111110000011111000001111100000111110000011111000001111000001111000001111000001111000001111,0.5,24,2.538844049006002,False,False
10000,46,92,120,0.5,0.8,0.9,9196,5291,804,111110000011111000001111100000111110000011111000001111100000111110000011111000001111000001111000001111000001111000001111,0.5,24,2.653785542002879,False,False
