seed,stability,persistency,boolean_bits,s_r_bits,requested_uptime,realized_uptime,s_r_transitions,boolean_transitions,path_id_changes_within_up,up_pool_frames,up_pool_groups,down_pool_frames
42,0.0,0.0,100101010101010101010101010101010101010101010101010101010101010101010101010101010101010101010101010101010101010101010101,100101010101010101010101010101010101010101010101010101010101010101010101010101010101010101010101010101010101010101010101,0.5,0.5,118,118,0,1836,1457,164
42,0.0,0.5,100101010101010101010101010101010101010101010101010101010101010101010101010101010101010101010101010101010101010101010101,100101010101010101010101010101010101010101010101010101010101010101010101010101010101010101010101010101010101010101010101,0.5,0.5,118,118,0,1836,1457,164
42,0.0,1.0,100101010101010101010101010101010101010101010101010101010101010101010101010101010101010101010101010101010101010101010101,100101010101010101010101010101010101010101010101010101010101010101010101010101010101010101010101010101010101010101010101,0.5,0.5,118,118,0,1836,1457,164
42,0.4,0.0,110011001100110011001100110011001100110011001100110011001100110011001100110011001100110011001100100101010101010101010101,110011001100110011001100110011001100110011001100110011001100110011001100110011001100110011001100100101010101010101010101,0.5,0.5,70,70,24,1836,1457,164
42,0.4,0.5,110011001100110011001100110011001100110011001100110011001100110011001100110011001100110011001100100101010101010101010101,110011001100110011001100110011001100110011001100110011001100110011001100110011001100110011001100100101010101010101010101,0.5,0.5,70,70,11,1836,1457,164
42,0.4,1.0,110011001100110011001100110011001100110011001100110011001100110011001100110011001100110011001100100101010101010101010101,110011001100110011001100110011001100110011001100110011001100110011001100110011001100110011001100100101010101010101010101,0.5,0.5,70,70,0,1836,1457,164
42,0.8,0.0,111110000011111000001111100000111110000011111000001111100000111110000011111000001111000001111000001111000001111000001111,111110000011111000001111100000111110000011111000001111100000111110000011111000001111000001111000001111000001111000001111,0.5,0.5,24,24,47,1836,1457,164
42,0.8,0.5,111110000011111000001111100000111110000011111000001111100000111110000011111000001111000001111000001111000001111000001111,111110000011111000001111100000111110000011111000001111100000111110000011111000001111000001111000001111000001111000001111,0.5,0.5,24,24,24,1836,1457,164
42,0.8,1.0,111110000011111000001111100000111110000011111000001111100000111110000011111000001111000001111000001111000001111000001111,111110000011111000001111100000111110000011111000001111100000111110000011111000001111000001111000001111000001111000001111,0.5,0.5,24,24,0,1836,1457,164
43,0.0,0.0,100101010101010101010101010101010101010101010101010101010101010101010101010101010101010101010101010101010101010101010101,100101010101010101010101010101010101010101010101010101010101010101010101010101010101010101010101010101010101010101010101,0.5,0.5,118,118,0,1835,1494,165
43,0.0,0.5,100101010101010101010101010101010101010101010101010101010101010101010101010101010101010101010101010101010101010101010101,100101010101010101010101010101010101010101010101010101010101010101010101010101010101010101010101010101010101010101010101,0.5,0.5,118,118,0,1835,1494,165
43,0.0,1.0,100101010101010101010101010101010101010101010101010101010101010101010101010101010101010101010101010101010101010101010101,100101010101010101010101010101010101010101010101010101010101010101010101010101010101010101010101010101010101010101010101,0.5,0.5,118,118,0,1835,1494,165
43,0.4,0.0,110011001100110011001100110011001100110011001100110011001100110011001100110011001100110011001100100101010101010101010101,110011001100110011001100110011001100110011001100110011001100110011001100110011001100110011001100100101010101010101010101,0.5,0.5,70,70,24,1835,1494,165
43,0.4,0.5,110011001100110011001100110011001100110011001100110011001100110011001100110011001100110011001100100101010101010101010101,110011001100110011001100110011001100110011001100110011001100110011001100110011001100110011001100100101010101010101010101,0.5,0.5,70,70,11,1835,1494,165
43,0.4,1.0,110011001100110011001100110011001100110011001100110011001100110011001100110011001100110011001100100101010101010101010101,110011001100110011001100110011001100110011001100110011001100110011001100110011001100110011001100100101010101010101010101,0.5,0.5,70,70,0,1835,1494,165
43,0.8,0.0,111110000011111000001111100000111110000011111000001111100000111110000011111000001111000001111000001111000001111000001111,111110000011111000001111100000111110000011111000001111100000111110000011111000001111000001111000001111000001111000001111,0.5,0.5,24,24,47,1835,1494,165
43,0.8,0.5,111110000011111000001111100000111110000011111000001111100000111110000011111000001111000001111000001111000001111000001111,111110000011111000001111100000111110000011111000001111100000111110000011111000001111000001111000001111000001111000001111,0.5,0.5,24,24,26,1835,1494,165
43,0.8,1.0,111110000011111000001111100000111110000011111000001111100000111110000011111000001111000001111000001111000001111000001111,111110000011111000001111100000111110000011111000001111100000111110000011111000001111000001111000001111000001111000001111,0.5,0.5,24,24,0,1835,1494,165
44,0.0,0.0,100101010101010101010101010101010101010101010101010101010101010101010101010101010101010101010101010101010101010101010101,100101010101010101010101010101010101010101010101010101010101010101010101010101010101010101010101010101010101010101010101,0.5,0.5,118,118,0,1836,1452,164
44,0.0,0.5,100101010101010101010101010101010101010101010101010101010101010101010101010101010101010101010101010101010101010101010101,100101010101010101010101010101010101010101010101010101010101010101010101010101010101010101010101010101010101010101010101,0.5,0.5,118,118,0,1836,1452,164
44,0.0,1.0,100101010101010101010101010101010101010101010101010101010101010101010101010101010101010101010101010101010101010101010101,100101010101010101010101010101010101010101010101010101010101010101010101010101010101010101010101010101010101010101010101,0.5,0.5,118,118,0,1836,1452,164
44,0.4,0.0,110011001100110011001100110011001100110011001100110011001100110011001100110011001100110011001100100101010101010101010101,110011001100110011001100110011001100110011001100110011001100110011001100110011001100110011001100100101010101010101010101,0.5,0.5,70,70,24,1836,1452,164
44,0.4,0.5,110011001100110011001100110011001100110011001100110011001100110011001100110011001100110011001100100101010101010101010101,110011001100110011001100110011001100110011001100110011001100110011001100110011001100110011001100100101010101010101010101,0.5,0.5,70,70,9,1836,1452,164
44,0.4,1.0,110011001100110011001100110011001100110011001100110011001100110011001100110011001100110011001100100101010101010101010101,110011001100110011001100110011001100110011001100110011001100110011001100110011001100110011001100100101010101010101010101,0.5,0.5,70,70,0,1836,1452,164
44,0.8,0.0,111110000011111000001111100000111110000011111000001111100000111110000011111000001111000001111000001111000001111000001111,111110000011111000001111100000111110000011111000001111100000111110000011111000001111000001111000001111000001111000001111,0.5,0.5,24,24,47,1836,1452,164
44,0.8,0.5,111110000011111000001111100000111110000011111000001111100000111110000011111000001111000001111000001111000001111000001111,111110000011111000001111100000111110000011111000001111100000111110000011111000001111000001111000001111000001111000001111,0.5,0.5,24,24,21,1836,1452,164
44,0.8,1.0,111110000011111000001111100000111110000011111000001111100000111110000011111000001111000001111000001111000001111000001111,111110000011111000001111100000111110000011111000001111100000111110000011111000001111000001111000001111000001111000001111,0.5,0.5,24,24,0,1836,1452,164
45,0.0,0.0,100101010101010101010101010101010101010101010101010101010101010101010101010101010101010101010101010101010101010101010101,100101010101010101010101010101010101010101010101010101010101010101010101010101010101010101010101010101010101010101010101,0.5,0.5,118,118,0,1849,1474,151
45,0.0,0.5,100101010101010101010101010101010101010101010101010101010101010101010101010101010101010101010101010101010101010101010101,100101010101010101010101010101010101010101010101010101010101010101010101010101010101010101010101010101010101010101010101,0.5,0.5,118,118,0,1849,1474,151
45,0.0,1.0,100101010101010101010101010101010101010101010101010101010101010101010101010101010101010101010101010101010101010101010101,100101010101010101010101010101010101010101010101010101010101010101010101010101010101010101010101010101010101010101010101,0.5,0.5,118,118,0,1849,1474,151
45,0.4,0.0,110011001100110011001100110011001100110011001100110011001100110011001100110011001100110011001100100101010101010101010101,110011001100110011001100110011001100110011001100110011001100110011001100110011001100110011001100100101010101010101010101,0.5,0.5,70,70,24,1849,1474,151
45,0.4,0.5,110011001100110011001100110011001100110011001100110011001100110011001100110011001100110011001100100101010101010101010101,110011001100110011001100110011001100110011001100110011001100110011001100110011001100110011001100100101010101010101010101,0.5,0.5,70,70,8,1849,1474,151
45,0.4,1.0,110011001100110011001100110011001100110011001100110011001100110011001100110011001100110011001100100101010101010101010101,110011001100110011001100110011001100110011001100110011001100110011001100110011001100110011001100100101010101010101010101,0.5,0.5,70,70,0,1849,1474,151
45,0.8,0.0,111110000011111000001111100000111110000011111000001111100000111110000011111000001111000001111000001111000001111000001111,111110000011111000001111100000111110000011111000001111100000111110000011111000001111000001111000001111000001111000001111,0.5,0.5,24,24,47,1849,1474,151
45,0.8,0.5,111110000011111000001111100000111110000011111000001111100000111110000011111000001111000001111000001111000001111000001111,111110000011111000001111100000111110000011111000001111100000111110000011111000001111000001111000001111000001111000001111,0.5,0.5,24,24,23,1849,1474,151
45,0.8,1.0,111110000011111000001111100000111110000011111000001111100000111110000011111000001111000001111000001111000001111000001111,111110000011111000001111100000111110000011111000001111100000111110000011111000001111000001111000001111000001111000001111,0.5,0.5,24,24,0,1849,1474,151
46,0.0,0.0,100101010101010101010101010101010101010101010101010101010101010101010101010101010101010101010101010101010101010101010101,100101010101010101010101010101010101010101010101010101010101010101010101010101010101010101010101010101010101010101010101,0.5,0.5,118,118,0,1816,1480,184
46,0.0,0.5,100101010101010101010101010101010101010101010101010101010101010101010101010101010101010101010101010101010101010101010101,100101010101010101010101010101010101010101010101010101010101010101010101010101010101010101010101010101010101010101010101,0.5,0.5,118,118,0,1816,1480,184
46,0.0,1.0,100101010101010101010101010101010101010101010101010101010101010101010101010101010101010101010101010101010101010101010101,100101010101010101010101010101010101010101010101010101010101010101010101010101010101010101010101010101010101010101010101,0.5,0.5,118,118,0,1816,1480,184
46,0.4,0.0,110011001100110011001100110011001100110011001100110011001100110011001100110011001100110011001100100101010101010101010101,110011001100110011001100110011001100110011001100110011001100110011001100110011001100110011001100100101010101010101010101,0.5,0.5,70,70,24,1816,1480,184
46,0.4,0.5,110011001100110011001100110011001100110011001100110011001100110011001100110011001100110011001100100101010101010101010101,110011001100110011001100110011001100110011001100110011001100110011001100110011001100110011001100100101010101010101010101,0.5,0.5,70,70,13,1816,1480,184
46,0.4,1.0,110011001100110011001100110011001100110011001100110011001100110011001100110011001100110011001100100101010101010101010101,110011001100110011001100110011001100110011001100110011001100110011001100110011001100110011001100100101010101010101010101,0.5,0.5,70,70,0,1816,1480,184
46,0.8,0.0,111110000011111000001111100000111110000011111000001111100000111110000011111000001111000001111000001111000001111000001111,111110000011111000001111100000111110000011111000001111100000111110000011111000001111000001111000001111000001111000001111,0.5,0.5,24,24,47,1816,1480,184
46,0.8,0.5,111110000011111000001111100000111110000011111000001111100000111110000011111000001111000001111000001111000001111000001111,111110000011111000001111100000111110000011111000001111100000111110000011111000001111000001111000001111000001111000001111,0.5,0.5,24,24,22,1816,1480,184
46,0.8,1.0,111110000011111000001111100000111110000011111000001111100000111110000011111000001111000001111000001111000001111000001111,111110000011111000001111100000111110000011111000001111100000111110000011111000001111000001111000001111000001111000001111,0.5,0.5,24,24,0,1816,1480,184
