role,N,frequency,frames,life,stability,persistency,seed,frame_seed,assembly_seed,trials,up_pool_frames,up_pool_groups,down_pool_frames,pool_empty,pool_tiny_lt5,requested_up_count,timeline_up_count,timeline_up_runs,requested_up_runs,realized_sr_uptime,sr_transitions,s_r_bits,s_r_sha256,timeline_bits,generation_wall_seconds,source_revision
diversity,92,3,120,0.5,0.8,0.9,42,10042,20042,500,466,433,34,False,False,60,60,13,13,0.5,26,001101111100010000000101111110100000000000001100000111111111111111110001111111110011110111100000000000000001111100001110,217dd3413c59fdc5e80da3f79ab59ea9756e42ee4034e83625cf136800cd777a,001101111100010000000101111110100000000000001100000111111111111111110001111111110011110111100000000000000001111100001110,0.092205364984693,51b01ac7faa78a494c3baedc560d658f384afe09
diversity,92,3,120,0.5,0.8,0.9,43,10043,20043,500,468,438,32,False,False,60,60,13,13,0.5,24,111111100111000000000000000000000011111111100001111100001111110111111111000111101100111101100000000011110000001110000011,ce77dca0f4ad807f8d16969f081095779d4b605e42670b20043f434a686c76fb,111111100111000000000000000000000011111111100001111100001111110111111111000111101100111101100000000011110000001110000011,0.10255820298334584,51b01ac7faa78a494c3baedc560d658f384afe09
diversity,92,3,120,0.5,0.8,0.9,44,10044,20044,500,459,424,41,False,False,60,60,13,13,0.5,25,011000000111111000011110000000001110000011110000000011111100001111111110100011111111110000111111100000111000100000001111,15ecc8ee718667b83ea807061c097bed5a4196cc03188851f667e5485388b60a,011000000111111000011110000000001110000011110000000011111100001111111110100011111111110000111111100000111000100000001111,0.09013378398958594,51b01ac7faa78a494c3baedc560d658f384afe09
diversity,92,3,120,0.5,0.8,0.9,45,10045,20045,500,452,422,48,False,False,60,60,13,13,0.5,25,100010011100010110000000001111111110011000000000000000000001001100000011111000011110001011111111111111111111111111110000,cdc599c47d6e2ecf826473644b9a9f8ded85e2e027de150c93e49fb67005949a,100010011100010110000000001111111110011000000000000000000001001100000011111000011110001011111111111111111111111111110000,0.0995061639987398,51b01ac7faa78a494c3baedc560d658f384afe09
diversity,92,3,120,0.5,0.8,0.9,46,10046,20046,500,460,410,40,False,False,60,60,13,13,0.5,24,110010011111110111110000111111111110000000000111111110010000000000000111001110000011111111111111100000000001001000000011,7f5cd72c94c62ff02d5b7ab0ba24e385bfb3f9eb474030cfa3732201b5f20776,110010011111110111110000111111111110000000000111111110010000000000000111001110000011111111111111100000000001001000000011,0.0772541009937413,51b01ac7faa78a494c3baedc560d658f384afe09
fidelity,92,3,120,0.3,0.8,0.9,42,10042,20042,500,466,433,34,False,False,36,36,8,8,0.3,16,000011011100000001110011111111000000000000000000000000000000000000000001100000000000000011111100000011111111111000001000,de13ee8bda0327ccab5cdbabf0a77c7708e2245762415fe2d3639a898ea9ce37,000011011100000001110011111111000000000000000000000000000000000000000001100000000000000011111100000011111111111000001000,0.09589813099591993,51b01ac7faa78a494c3baedc560d658f384afe09
fidelity,92,3,120,0.3,0.8,0.9,43,10043,20043,500,468,438,32,False,False,36,36,8,8,0.3,14,111111111100011111111100000000001110000000000000000000000000000000000000000000000100000100000000000001101111000000111111,13af56ed7772dace21f993ac9506b0873395305ec73f4f4c99f2db848bae90a4,111111111100011111111100000000001110000000000000000000000000000000000000000000000100000100000000000001101111000000111111,0.1042959880142007,51b01ac7faa78a494c3baedc560d658f384afe09
fidelity,92,3,120,0.3,0.8,0.9,44,10044,20044,500,459,424,41,False,False,36,36,8,8,0.3,15,001000000000001111111001100000011000000001111111111111000000000000000000000000000000000000011111111100000001000000000001,eae36ab1282020ac25acd909f8357be1230daecdcb32bd1805bf4e7b7f545dd9,001000000000001111111001100000011000000001111111111111000000000000000000000000000000000000011111111100000001000000000001,0.07508168200729415,51b01ac7faa78a494c3baedc560d658f384afe09
fidelity,92,3,120,0.3,0.8,0.9,45,10045,20045,500,452,422,48,False,False,36,36,8,8,0.3,15,100111110000000011110000010111111000000000000000000000111111111100011111000000000000000000000011110000000000000000000000,65ed7e53bc94ee413c238dc32132c8b727cd74557a2359370b16bf6c17b09468,100111110000000011110000010111111000000000000000000000111111111100011111000000000000000000000011110000000000000000000000,0.08655928101507016,51b01ac7faa78a494c3baedc560d658f384afe09
fidelity,92,3,120,0.3,0.8,0.9,46,10046,20046,500,460,410,40,False,False,36,36,8,8,0.3,14,111000011111110111110011100100000000000000000000000000000000111111100000000000000000000000000000000000000000111111111001,78be4d22bb38c8b2fbb96796e3569b1db70184275d184b711777fdf75e1e69bf,111000011111110111110011100100000000000000000000000000000000111111100000000000000000000000000000000000000000111111111001,0.10098926298087463,51b01ac7faa78a494c3baedc560d658f384afe09
fidelity,92,3,120,0.5,0.8,0.9,42,10042,20042,500,466,433,34,False,False,60,60,13,13,0.5,26,001101111100010000000101111110100000000000001100000111111111111111110001111111110011110111100000000000000001111100001110,217dd3413c59fdc5e80da3f79ab59ea9756e42ee4034e83625cf136800cd777a,001101111100010000000101111110100000000000001100000111111111111111110001111111110011110111100000000000000001111100001110,0.0910896529967431,51b01ac7faa78a494c3baedc560d658f384afe09
fidelity,92,3,120,0.5,0.8,0.9,43,10043,20043,500,468,438,32,False,False,60,60,13,13,0.5,24,111111100111000000000000000000000011111111100001111100001111110111111111000111101100111101100000000011110000001110000011,ce77dca0f4ad807f8d16969f081095779d4b605e42670b20043f434a686c76fb,111111100111000000000000000000000011111111100001111100001111110111111111000111101100111101100000000011110000001110000011,0.09467938501620665,51b01ac7faa78a494c3baedc560d658f384afe09
fidelity,92,3,120,0.5,0.8,0.9,44,10044,20044,500,459,424,41,False,False,60,60,13,13,0.5,25,011000000111111000011110000000001110000011110000000011111100001111111110100011111111110000111111100000111000100000001111,15ecc8ee718667b83ea807061c097bed5a4196cc03188851f667e5485388b60a,011000000111111000011110000000001110000011110000000011111100001111111110100011111111110000111111100000111000100000001111,0.08660704200156033,51b01ac7faa78a494c3baedc560d658f384afe09
fidelity,92,3,120,0.5,0.8,0.9,45,10045,20045,500,452,422,48,False,False,60,60,13,13,0.5,25,100010011100010110000000001111111110011000000000000000000001001100000011111000011110001011111111111111111111111111110000,cdc599c47d6e2ecf826473644b9a9f8ded85e2e027de150c93e49fb67005949a,100010011100010110000000001111111110011000000000000000000001001100000011111000011110001011111111111111111111111111110000,0.103207726002438,51b01ac7faa78a494c3baedc560d658f384afe09
fidelity,92,3,120,0.5,0.8,0.9,46,10046,20046,500,460,410,40,False,False,60,60,13,13,0.5,24,110010011111110111110000111111111110000000000111111110010000000000000111001110000011111111111111100000000001001000000011,7f5cd72c94c62ff02d5b7ab0ba24e385bfb3f9eb474030cfa3732201b5f20776,110010011111110111110000111111111110000000000111111110010000000000000111001110000011111111111111100000000001001000000011,0.09842658799607307,51b01ac7faa78a494c3baedc560d658f384afe09
fidelity,92,3,120,0.7,0.8,0.9,42,10042,20042,500,466,433,34,False,False,84,84,18,18,0.7,36,011110000101111111011001001110011111111110101000011000111101111111111111111111001111111111011111011011101111111011000000,d201bff1e8814d8447c3da89ea03ba324798da19766c66d3c4f1881c8ed2bbc6,011110000101111111011001001110011111111110101000011000111101111111111111111111001111111111011111011011101111111011000000,0.09473172199795954,51b01ac7faa78a494c3baedc560d658f384afe09
fidelity,92,3,120,0.7,0.8,0.9,43,10043,20043,500,468,438,32,False,False,84,84,18,18,0.7,34,111000011111011111011111101111011111111111111011111111111011100011111000111010011110110000011111001100111100001110001111,2da36ec257e9828ef19455d7633e23f62722213c2208d3ec0d0edbc39bb0c42d,111000011111011111011111101111011111111111111011111111111011100011111000111010011110110000011111001100111100001110001111,0.11336926600779407,51b01ac7faa78a494c3baedc560d658f384afe09
fidelity,92,3,120,0.7,0.8,0.9,44,10044,20044,500,459,424,41,False,False,84,84,18,18,0.7,35,000110110111111111011000111111011011111100000011111111100101111111111011111111111111111010111000111011111000010000110111,51be14e52ab36bd5269aa42d972b3a97d76895cfc7bd39bdc561cbacf1ccda59,000110110111111111011000111111011011111100000011111111100101111111111011111111111111111010111000111011111000010000110111,0.08798388400464319,51b01ac7faa78a494c3baedc560d658f384afe09
fidelity,92,3,120,0.7,0.8,0.9,45,10045,20045,500,452,422,48,False,False,84,84,18,18,0.7,35,001101011011110100010111101011001111111111111110000111100110001000111101111111111011111111000001000111111111111111111111,4433789a157deeb354bc175736da37e7c47af829e1ebee871ebd39b6efc2cb6f,001101011011110100010111101011001111111111111110000111100110001000111101111111111011111111000001000111111111111111111111,0.10462776100030169,51b01ac7faa78a494c3baedc560d658f384afe09
fidelity,92,3,120,0.7,0.8,0.9,46,10046,20046,500,460,410,40,False,False,84,84,18,18,0.7,34,111100010101011000000111111111000110111111111100111111110011100111111111110111111111111111000110000111101101001111100111,700f18d3de4449345413f3c032ec53b744d68d74aec9faf72b649dcd616bb461,111100010101011000000111111111000110111111111100111111110011100111111111110111111111111111000110000111101101001111100111,0.09769416999188252,51b01ac7faa78a494c3baedc560d658f384afe09
timing,162,4,120,0.5,0.8,0.9,42,10042,20042,500,460,456,40,False,False,60,60,13,13,0.5,26,001101111100010000000101111110100000000000001100000111111111111111110001111111110011110111100000000000000001111100001110,217dd3413c59fdc5e80da3f79ab59ea9756e42ee4034e83625cf136800cd777a,001101111100010000000101111110100000000000001100000111111111111111110001111111110011110111100000000000000001111100001110,0.16973238901118748,51b01ac7faa78a494c3baedc560d658f384afe09
timing,162,4,120,0.5,0.8,0.9,43,10043,20043,500,466,464,34,False,False,60,60,13,13,0.5,24,111111100111000000000000000000000011111111100001111100001111110111111111000111101100111101100000000011110000001110000011,ce77dca0f4ad807f8d16969f081095779d4b605e42670b20043f434a686c76fb,111111100111000000000000000000000011111111100001111100001111110111111111000111101100111101100000000011110000001110000011,0.1517337990226224,51b01ac7faa78a494c3baedc560d658f384afe09
timing,162,4,120,0.5,0.8,0.9,44,10044,20044,500,465,461,35,False,False,60,60,13,13,0.5,25,011000000111111000011110000000001110000011110000000011111100001111111110100011111111110000111111100000111000100000001111,15ecc8ee718667b83ea807061c097bed5a4196cc03188851f667e5485388b60a,011000000111111000011110000000001110000011110000000011111100001111111110100011111111110000111111100000111000100000001111,0.17220940301194787,51b01ac7faa78a494c3baedc560d658f384afe09
