param_name,param_value,protocol,n,pdr_mean,pdr_std,goodput_mbps_mean,goodput_mbps_std,eed_mean_s_mean,eed_mean_s_std,routing_tx_mean,routing_tx_std,pdr_min,pdr_q1,pdr_median,pdr_q3,pdr_max,goodput_mbps_min,goodput_mbps_q1,goodput_mbps_median,goodput_mbps_q3,goodput_mbps_max,eed_mean_s_min,eed_mean_s_q1,eed_mean_s_median,eed_mean_s_q3,eed_mean_s_max,routing_tx_min,routing_tx_q1,routing_tx_median,routing_tx_q3,routing_tx_max
pathPersistency,0.0,aodv,25,0.77150788,0.12974452804101447,0.00977552,0.0024601467292826255,34367.18768,5296.812192834432,559.96,12.372485603143776,0.541667,0.675214,0.735294,0.901639,0.957143,0.007364,0.007829,0.008273,0.011591,0.013893,24022.928,33749.380000000005,37319.003000000004,37532.5,39088.415,541.0,549.0,558.0,571.0,582.0
pathPersistency,0.0,dsdv,25,0.06722099999999999,0.08356447878758055,0.00386924,0.004848811642289274,14137.058359999999,17707.887926822063,78.96,18.885931271716522,0.0,0.0,0.0,0.126374,0.244444,0.0,0.0,0.0,0.006766,0.015252,0.0,0.0,0.0,24524.528,51212.617,53.0,68.0,76.0,85.0,121.0
pathPersistency,0.0,olsr,25,0.0,0.0,0.0,0.0,0.0,0.0,264.12,4.411983680840173,0.0,0.0,0.0,0.0,0.0,0.0,0.0,0.0,0.0,0.0,0.0,0.0,0.0,0.0,0.0,258.0,261.0,263.0,268.0,272.0
pathPersistency,0.25,aodv,25,0.70491556,0.2361591227663382,0.00975692,0.003877300451809222,31904.409,4950.89210504457,552.64,15.094051808576781,0.25,0.491803,0.808824,0.883721,0.955882,0.002813,0.009115,0.00942,0.010754,0.015961,15350.915,32007.227,33804.563,34615.32,39932.397000000004,538.0,542.0,546.0,558.0,597.0
pathPersistency,0.25,dsdv,25,0.10988276000000001,0.09918394430966335,0.0074104,0.006662690291466353,21591.99716,18743.10335167658,87.4,65.71027316942154,0.0,0.0,0.120879,0.188889,0.269231,0.0,0.0,0.006134,0.013537,0.021262,0.0,0.0,17295.058999999997,40874.828,45566.006,54.0,64.0,78.0,86.0,403.0
pathPersistency,0.25,olsr,25,0.0,0.0,0.0,0.0,0.0,0.0,258.44,4.427911471563089,0.0,0.0,0.0,0.0,0.0,0.0,0.0,0.0,0.0,0.0,0.0,0.0,0.0,0.0,0.0,251.0,256.0,258.0,263.0,264.0
pathPersistency,0.5,aodv,25,0.72103448,0.17066473315764333,0.011711959999999999,0.002204115305150799,31936.491,3492.3781061154073,568.12,13.24332284587218,0.335052,0.671053,0.763158,0.84,0.954545,0.008114,0.010629,0.011729,0.012876,0.015718,27530.95,29369.351000000002,31371.452999999998,34381.558,38648.201,547.0,557.0,566.0,580.0,602.0
pathPersistency,0.5,dsdv,25,0.17891088,0.0984511651377758,0.011243719999999999,0.005694870572857649,28998.985,15266.15909085437,83.4,8.347454701883683,0.0,0.138889,0.188889,0.227778,0.373626,0.0,0.010456,0.011434,0.013929,0.021262,0.0,19669.203,35041.413,42416.801999999996,45443.681,69.0,77.0,80.0,91.0,100.0
pathPersistency,0.5,olsr,25,0.0,0.0,0.0,0.0,0.0,0.0,265.64,8.21647126204431,0.0,0.0,0.0,0.0,0.0,0.0,0.0,0.0,0.0,0.0,0.0,0.0,0.0,0.0,0.0,252.0,261.0,267.0,272.0,278.0
pathPersistency,0.75,aodv,25,0.74806916,0.18032239666567879,0.01675956,0.012127291064635993,24039.70528,7936.576431444135,553.2,17.064583206161235,0.32,0.605263,0.795082,0.901235,0.946667,0.00829,0.011745,0.013579,0.014771,0.056729,2003.2060000000001,20286.742000000002,25485.96,27606.808999999997,32712.274,537.0,538.0,543.0,570.0,591.0
pathPersistency,0.75,dsdv,25,0.21542984,0.10171585710072152,0.0242082,0.024153973216843642,31760.62804,11809.144389515255,90.0,21.987269043698902,0.021978,0.152778,0.227778,0.275,0.395604,0.006528,0.011433,0.01394,0.018754,0.090041,15022.469,23687.95,33865.409999999996,39803.809,58687.503,71.0,78.0,82.0,86.0,148.0
pathPersistency,0.75,olsr,25,0.04007496,0.08037474295447794,0.01106064,0.022122009747543282,4359.5194,8719.143756028221,259.8,7.093659140387279,0.0,0.0,0.0,0.0,0.219178,0.0,0.0,0.0,0.0,0.055743,0.0,0.0,0.0,0.0,21896.088,248.0,255.0,263.0,266.0,268.0
pathPersistency,1.0,aodv,25,0.7469252399999999,0.11825172333366815,0.01491916,0.0037296845194198396,27163.96272,5029.84032515498,549.6,8.119113252073776,0.506329,0.666667,0.816794,0.847328,0.852713,0.00829,0.012241,0.017704,0.018363,0.018367,17707.453999999998,27486.792,27492.997,31935.125,34603.631,536.0,544.0,548.0,556.0,565.0
pathPersistency,1.0,dsdv,25,0.22680804,0.09954072712472216,0.0255024,0.025652060481762474,31826.83732,8919.261538546216,103.12,77.51248673600918,0.043956,0.181319,0.222222,0.291209,0.454545,0.009379,0.012466,0.013942,0.020442,0.091022,19411.362,26787.37,29766.577,40217.543999999994,47931.9,70.0,80.0,84.0,99.0,479.0
pathPersistency,1.0,olsr,25,0.0,0.0,0.0,0.0,0.0,0.0,266.28,7.70724334635932,0.0,0.0,0.0,0.0,0.0,0.0,0.0,0.0,0.0,0.0,0.0,0.0,0.0,0.0,0.0,255.0,260.0,269.0,270.0,279.0
