scenario,protocol,wall_time_s,cpu_time_s,ip_tx_cb_calls,ip_rx_cb_calls,frame_apply_calls,routing_tx,routing_rx,pdr,goodput_mbps,eed_mean_s,app_tx_pkts,app_rx_pkts,ip_drop_no_route,ip_drop_route_err,phy_tx_drop,phy_rx_drop,label,param_name,param_value
trace,olsr,0.558934,0.558930,1401,1939,60,1401,1939,0.000000,0.000000,0.000000,0,0,0,0,0,1,pathPersistency_0.0000,pathPersistency,0.0
trace,aodv,0.905972,0.905345,2935,3858,60,2575,3498,0.000000,0.000000,0.000000,0,0,0,315,0,80,pathPersistency_0.0000,pathPersistency,0.0
trace,dsdv,0.669231,0.669211,2851,4047,60,2491,3687,0.000000,0.000000,0.000000,0,0,0,0,0,641,pathPersistency_0.0000,pathPersistency,0.0
trace,olsr,0.409367,0.409364,1452,2314,60,1452,2314,0.000000,0.000000,0.000000,0,0,0,0,0,7,pathPersistency_0.1000,pathPersistency,0.1
trace,aodv,1.407694,1.407659,4133,5856,60,3456,5331,0.048485,0.003651,6.969469,165,8,7,178,0,298,pathPersistency_0.1000,pathPersistency,0.1
trace,dsdv,1.308612,1.308580,4174,6094,60,3697,5890,0.000000,0.000000,0.000000,273,0,0,0,0,1212,pathPersistency_0.1000,pathPersistency,0.1
trace,olsr,0.444962,0.444846,1451,2391,60,1451,2391,0.000000,0.000000,0.000000,0,0,0,0,0,2,pathPersistency_0.2000,pathPersistency,0.2
trace,aodv,1.977111,1.977091,5077,7128,60,3856,6103,0.105485,0.006868,27.050511,237,25,17,117,0,583,pathPersistency_0.2000,pathPersistency,0.2
trace,dsdv,1.311188,1.311177,4187,6346,60,3612,5966,0.029412,0.068066,41.487724,204,6,0,0,0,1080,pathPersistency_0.2000,pathPersistency,0.2
trace,olsr,0.755822,0.755790,1597,3119,60,1597,3119,0.000000,0.000000,0.000000,0,0,0,0,0,11,pathPersistency_0.3000,pathPersistency,0.3
trace,aodv,2.653402,2.653243,4637,7023,60,3478,5976,0.428571,0.015327,33.069904,217,93,12,113,0,516,pathPersistency_0.3000,pathPersistency,0.3
trace,dsdv,2.156083,2.155710,4106,6912,60,3505,6545,0.020921,0.287657,20.798031,239,5,0,0,0,1464,pathPersistency_0.3000,pathPersistency,0.3
trace,olsr,0.475479,0.475466,1568,3102,60,1568,3102,0.000000,0.000000,0.000000,0,0,0,0,0,8,pathPersistency_0.4000,pathPersistency,0.4
trace,aodv,1.910658,1.910603,4831,7245,60,3637,6288,0.138614,0.007208,19.513340,303,42,28,57,0,620,pathPersistency_0.4000,pathPersistency,0.4
trace,dsdv,1.254535,1.254495,3961,6804,60,3441,6466,0.000000,0.000000,0.000000,182,0,0,0,0,1478,pathPersistency_0.4000,pathPersistency,0.4
trace,olsr,0.892125,0.890559,2178,4187,60,1686,3745,0.131579,0.061348,47.220722,76,10,0,0,0,27,pathPersistency_0.5000,pathPersistency,0.5
trace,aodv,2.344295,2.344279,5786,9007,60,4035,7378,0.485149,0.021075,30.619823,303,147,36,57,0,774,pathPersistency_0.5000,pathPersistency,0.5
trace,dsdv,1.282291,1.282269,3716,6411,60,3224,6159,0.028340,0.002658,22.688317,247,7,0,0,0,1355,pathPersistency_0.5000,pathPersistency,0.5
trace,olsr,0.806107,0.805839,2010,4400,60,1832,4287,0.141026,0.057992,47.131425,78,11,0,0,0,47,pathPersistency_0.6000,pathPersistency,0.6
trace,aodv,2.036383,2.035217,5116,8340,60,3308,6678,0.514851,0.022216,26.894928,303,156,3,57,0,728,pathPersistency_0.6000,pathPersistency,0.6
trace,dsdv,1.391203,1.391152,4500,8407,60,3911,7891,0.197802,0.054136,46.554001,91,18,0,0,0,1909,pathPersistency_0.6000,pathPersistency,0.6
trace,olsr,1.002630,1.002602,2382,4801,60,1874,4373,0.320312,0.009224,40.505297,128,41,7,0,0,38,pathPersistency_0.7000,pathPersistency,0.7
trace,aodv,2.053851,2.053746,5224,8249,60,3390,6560,0.485149,0.021678,21.259431,303,147,14,58,0,629,pathPersistency_0.7000,pathPersistency,0.7
trace,dsdv,1.879200,1.879163,5298,9623,60,4469,9052,0.162338,0.054550,13.969207,308,50,0,0,0,2301,pathPersistency_0.7000,pathPersistency,0.7
trace,olsr,0.952434,0.952407,2301,4681,60,1807,4257,0.457364,0.011280,42.959391,129,59,0,0,0,36,pathPersistency_0.8000,pathPersistency,0.8
trace,aodv,2.298124,2.298026,5681,9267,60,3945,7654,0.600000,0.034391,26.825545,360,216,22,1,0,714,pathPersistency_0.8000,pathPersistency,0.8
trace,dsdv,2.123621,2.123596,5680,10809,60,4740,10142,0.192308,0.011018,38.362680,338,65,0,0,0,2119,pathPersistency_0.8000,pathPersistency,0.8
trace,olsr,1.598983,1.598950,3322,6984,60,2116,5873,0.611111,0.030172,31.559650,252,154,0,0,0,81,pathPersistency_0.9000,pathPersistency,0.9
trace,aodv,2.100872,2.100837,5189,8775,60,2774,6414,0.838889,0.043739,29.424860,360,302,5,0,0,508,pathPersistency_0.9000,pathPersistency,0.9
trace,dsdv,1.794953,1.794885,5040,10034,60,4110,9254,0.198381,0.030292,25.140149,247,49,0,0,0,2461,pathPersistency_0.9000,pathPersistency,0.9
trace,olsr,1.366211,1.366150,3424,5094,60,1690,3416,0.776632,0.043209,30.858278,291,226,5,0,0,26,pathPersistency_1.0000,pathPersistency,1.0
trace,aodv,1.661436,1.661393,4650,6665,60,2502,4526,0.975000,0.050325,30.248953,360,351,0,0,0,108,pathPersistency_1.0000,pathPersistency,1.0
trace,dsdv,1.775281,1.775196,5306,8177,60,3577,6449,0.996337,0.050872,36.725311,273,272,0,0,0,1709,pathPersistency_1.0000,pathPersistency,1.0
